G0	G146
G154	G0
G201	G0
G245	G0
G479	G0
G0	G577
G0	G691
G0	G766
G61	G1
G75	G1
G95	G1
G135	G1
G154	G1
G275	G1
G1	G482
G1	G484
G1	G671
G1	G692
G1	G770
G893	G1
G1	G896
G936	G1
G1	G961
G128	G2
G2	G140
G160	G2
G198	G2
G2	G342
G432	G2
G515	G2
G2	G550
G651	G2
G663	G2
G2	G703
G2	G865
G165	G3
G224	G3
G246	G3
G273	G3
G275	G3
G382	G3
G3	G519
G3	G692
G3	G717
G3	G815
G3	G860
G73	G4
G4	G268
G4	G340
G422	G4
G446	G4
G4	G456
G4	G580
G719	G4
G818	G4
G360	G5
G5	G420
G534	G5
G5	G562
G5	G698
G5	G870
G5	G917
G943	G5
G988	G5
G6	G191
G207	G6
G6	G229
G6	G331
G6	G351
G6	G459
G6	G474
G499	G6
G6	G522
G6	G732
G761	G6
G788	G6
G841	G6
G6	G891
G922	G6
G7	G161
G284	G7
G321	G7
G322	G7
G374	G7
G429	G7
G518	G7
G7	G687
G702	G7
G832	G7
G869	G7
G7	G971
G7	G987
G8	G115
G8	G211
G8	G317
G8	G320
G8	G329
G483	G8
G505	G8
G583	G8
G589	G8
G590	G8
G797	G8
G8	G843
G900	G8
G913	G8
G8	G954
G9	G22
G46	G9
G9	G60
G134	G9
G9	G184
G9	G317
G9	G467
G9	G653
G9	G687
G9	G803
G825	G9
G9	G844
G9	G911
G9	G926
G9	G971
G10	G509
G694	G10
G10	G839
G210	G11
G330	G11
G443	G11
G525	G11
G540	G11
G570	G11
G688	G11
G700	G11
G11	G769
G801	G11
G11	G869
G907	G11
G989	G11
G11	G993
G12	G228
G590	G12
G12	G613
G705	G12
G790	G12
G12	G968
G12	G969
G24	G13
G31	G13
G197	G13
G13	G363
G375	G13
G13	G457
G575	G13
G691	G13
G744	G13
G774	G13
G932	G13
G14	G51
G14	G170
G248	G14
G14	G297
G14	G420
G14	G578
G588	G14
G660	G14
G693	G14
G703	G14
G14	G955
G15	G76
G15	G97
G100	G15
G157	G15
G258	G15
G329	G15
G15	G464
G620	G15
G659	G15
G15	G705
G733	G15
G16	G22
G16	G156
G16	G182
G16	G212
G16	G265
G295	G16
G16	G487
G16	G558
G16	G602
G771	G16
G832	G16
G16	G851
G16	G886
G16	G929
G17	G147
G17	G280
G417	G17
G418	G17
G17	G476
G17	G488
G17	G647
G17	G718
G885	G17
G914	G17
G18	G71
G18	G225
G18	G532
G739	G18
G755	G18
G19	G82
G19	G108
G19	G478
G483	G19
G549	G19
G19	G576
G595	G19
G613	G19
G19	G644
G19	G654
G19	G706
G819	G19
G829	G19
G19	G962
G73	G20
G20	G137
G228	G20
G20	G241
G268	G20
G20	G719
G811	G20
G925	G20
G20	G980
G173	G21
G228	G21
G259	G21
G21	G265
G509	G21
G527	G21
G615	G21
G647	G21
G707	G21
G21	G753
G21	G813
G911	G21
G21	G955
G22	G178
G204	G22
G220	G22
G232	G22
G22	G386
G22	G422
G426	G22
G707	G22
G203	G23
G23	G257
G270	G23
G23	G595
G643	G23
G23	G788
G23	G800
G23	G867
G881	G23
G897	G23
G908	G23
G918	G23
G998	G23
G24	G38
G49	G24
G102	G24
G24	G161
G232	G24
G267	G24
G356	G24
G435	G24
G437	G24
G24	G478
G24	G487
G676	G24
G25	G135
G155	G25
G25	G245
G260	G25
G25	G377
G451	G25
G25	G462
G583	G25
G849	G25
G940	G25
G26	G35
G78	G26
G80	G26
G92	G26
G26	G714
G937	G26
G26	G946
G27	G48
G27	G83
G27	G129
G133	G27
G27	G494
G797	G27
G830	G27
G27	G861
G27	G910
G28	G39
G28	G170
G28	G280
G290	G28
G28	G307
G500	G28
G522	G28
G28	G548
G28	G601
G642	G28
G28	G769
G28	G902
G28	G968
G57	G29
G29	G118
G29	G313
G29	G317
G29	G366
G29	G559
G29	G757
G29	G875
G30	G85
G219	G30
G374	G30
G393	G30
G30	G450
G30	G468
G30	G673
G690	G30
G30	G992
G30	G996
G69	G31
G382	G31
G390	G31
G31	G405
G31	G544
G31	G590
G635	G31
G31	G686
G31	G692
G738	G31
G31	G846
G850	G31
G31	G943
G73	G32
G104	G32
G32	G303
G564	G32
G662	G32
G671	G32
G32	G811
G32	G934
G32	G968
G33	G144
G254	G33
G374	G33
G648	G33
G730	G33
G755	G33
G901	G33
G34	G209
G416	G34
G34	G424
G550	G34
G773	G34
G35	G66
G226	G35
G332	G35
G527	G35
G738	G35
G35	G767
G236	G36
G277	G36
G36	G489
G36	G517
G36	G567
G606	G36
G658	G36
G765	G36
G37	G78
G115	G37
G117	G37
G217	G37
G37	G272
G37	G286
G624	G37
G625	G37
G37	G651
G37	G675
G37	G794
G899	G37
G930	G37
G196	G38
G38	G304
G38	G658
G660	G38
G672	G38
G38	G674
G823	G38
G115	G39
G39	G151
G39	G282
G804	G39
G40	G108
G40	G256
G40	G262
G40	G282
G40	G287
G40	G346
G40	G351
G40	G481
G488	G40
G495	G40
G503	G40
G510	G40
G874	G40
G930	G40
G41	G47
G118	G41
G151	G41
G41	G438
G41	G475
G573	G41
G41	G678
G712	G41
G41	G818
G41	G831
G833	G41
G838	G41
G41	G921
G42	G70
G155	G42
G42	G198
G207	G42
G287	G42
G42	G362
G42	G532
G42	G598
G637	G42
G42	G722
G729	G42
G43	G72
G43	G95
G106	G43
G43	G116
G154	G43
G43	G168
G188	G43
G43	G420
G466	G43
G620	G43
G43	G696
G43	G749
G43	G788
G43	G855
G895	G43
G44	G59
G44	G207
G44	G299
G358	G44
G462	G44
G44	G491
G44	G539
G559	G44
G622	G44
G44	G771
G854	G44
G44	G879
G44	G880
G913	G44
G64	G45
G115	G45
G45	G269
G369	G45
G46	G215
G234	G46
G46	G265
G357	G46
G579	G46
G46	G644
G46	G687
G46	G690
G936	G46
G47	G89
G457	G47
G47	G641
G47	G644
G47	G761
G47	G812
G214	G48
G227	G48
G431	G48
G48	G453
G48	G474
G717	G48
G48	G748
G48	G757
G803	G48
G855	G48
G49	G94
G233	G49
G267	G49
G288	G49
G49	G302
G49	G670
G675	G49
G747	G49
G792	G49
G856	G49
G915	G49
G978	G49
G50	G460
G50	G461
G50	G572
G50	G636
G50	G674
G50	G692
G50	G709
G50	G746
G51	G107
G51	G113
G51	G350
G51	G517
G51	G549
G51	G568
G576	G51
G51	G619
G898	G51
G940	G51
G52	G53
G64	G52
G52	G146
G274	G52
G52	G298
G52	G342
G52	G392
G52	G405
G52	G429
G592	G52
G52	G678
G52	G905
G52	G908
G923	G52
G935	G52
G53	G131
G212	G53
G53	G262
G382	G53
G53	G419
G514	G53
G53	G724
G832	G53
G863	G53
G899	G53
G53	G977
G113	G54
G235	G54
G286	G54
G54	G526
G54	G853
G120	G55
G55	G127
G55	G136
G55	G292
G406	G55
G496	G55
G55	G748
G137	G56
G56	G243
G56	G371
G56	G589
G622	G56
G56	G949
G57	G159
G241	G57
G395	G57
G57	G442
G452	G57
G552	G57
G57	G671
G895	G57
G190	G58
G260	G58
G353	G58
G58	G563
G632	G58
G219	G59
G302	G59
G59	G422
G429	G59
G511	G59
G59	G573
G59	G589
G633	G59
G657	G59
G59	G687
G737	G59
G792	G59
G805	G59
G59	G807
G824	G59
G59	G974
G60	G114
G425	G60
G679	G60
G758	G60
G60	G770
G814	G60
G186	G61
G188	G61
G61	G214
G332	G61
G61	G450
G61	G467
G61	G629
G686	G61
G693	G61
G713	G61
G61	G858
G61	G864
G62	G148
G62	G151
G62	G200
G280	G62
G288	G62
G301	G62
G62	G571
G62	G584
G62	G791
G62	G840
G79	G63
G63	G193
G63	G572
G577	G63
G63	G734
G63	G879
G918	G63
G63	G934
G63	G959
G968	G63
G63	G977
G91	G64
G128	G64
G64	G204
G64	G260
G64	G348
G64	G379
G582	G64
G64	G586
G627	G64
G804	G64
G64	G882
G64	G960
G83	G65
G389	G65
G467	G65
G65	G532
G65	G726
G846	G65
G990	G65
G125	G66
G66	G147
G66	G188
G66	G435
G66	G533
G717	G66
G66	G721
G66	G802
G66	G932
G66	G956
G160	G67
G223	G67
G255	G67
G67	G404
G67	G407
G421	G67
G67	G806
G996	G67
G68	G85
G151	G68
G68	G446
G460	G68
G519	G68
G68	G658
G865	G68
G869	G68
G69	G133
G211	G69
G222	G69
G247	G69
G69	G276
G69	G280
G69	G330
G376	G69
G69	G384
G69	G542
G69	G611
G690	G69
G69	G788
G69	G985
G95	G70
G70	G243
G245	G70
G325	G70
G382	G70
G524	G70
G769	G70
G176	G71
G203	G71
G238	G71
G487	G71
G535	G71
G71	G620
G671	G71
G71	G698
G699	G71
G71	G993
G91	G72
G72	G169
G72	G215
G222	G72
G345	G72
G447	G72
G72	G459
G633	G72
G72	G702
G862	G72
G941	G72
G72	G962
G79	G73
G73	G145
G73	G190
G260	G73
G775	G73
G73	G871
G74	G164
G195	G74
G74	G298
G74	G350
G74	G588
G74	G917
G74	G963
G75	G140
G241	G75
G75	G247
G248	G75
G75	G265
G75	G424
G527	G75
G75	G550
G75	G805
G892	G75
G958	G75
G270	G76
G303	G76
G76	G320
G76	G396
G76	G405
G480	G76
G76	G627
G76	G823
G922	G76
G957	G76
G121	G77
G77	G253
G315	G77
G77	G560
G646	G77
G77	G647
G700	G77
G78	G121
G78	G211
G409	G78
G553	G78
G78	G705
G978	G78
G98	G79
G137	G79
G285	G79
G79	G370
G454	G79
G510	G79
G530	G79
G79	G677
G79	G683
G79	G695
G808	G79
G79	G835
G272	G80
G80	G338
G346	G80
G80	G488
G80	G512
G542	G80
G80	G556
G557	G80
G80	G697
G210	G81
G255	G81
G81	G307
G400	G81
G420	G81
G436	G81
G512	G81
G518	G81
G529	G81
G81	G687
G81	G710
G847	G81
G130	G82
G302	G82
G82	G495
G82	G628
G82	G925
G92	G83
G83	G127
G83	G149
G83	G197
G83	G306
G83	G540
G83	G985
G83	G999
G116	G84
G84	G162
G84	G225
G228	G84
G84	G308
G84	G422
G468	G84
G529	G84
G896	G84
G995	G84
G266	G85
G432	G85
G85	G494
G697	G85
G85	G891
G96	G86
G175	G86
G181	G86
G184	G86
G86	G503
G86	G510
G86	G603
G640	G86
G891	G86
G87	G224
G87	G268
G358	G87
G360	G87
G87	G502
G569	G87
G572	G87
G87	G704
G92	G88
G194	G88
G88	G229
G251	G88
G253	G88
G265	G88
G88	G276
G88	G332
G88	G440
G558	G88
G88	G865
G89	G320
G330	G89
G89	G389
G89	G483
G89	G834
G99	G90
G157	G90
G192	G90
G90	G483
G522	G90
G90	G575
G631	G90
G750	G90
G773	G90
G90	G806
G90	G843
G153	G91
G733	G91
G91	G869
G875	G91
G91	G979
G92	G198
G92	G387
G419	G92
G467	G92
G519	G92
G92	G567
G92	G620
G92	G635
G92	G799
G838	G92
G873	G92
G92	G921
G311	G93
G93	G368
G606	G93
G767	G93
G783	G93
G93	G832
G835	G93
G93	G863
G902	G93
G912	G93
G921	G93
G93	G937
G93	G961
G94	G190
G201	G94
G94	G233
G311	G94
G94	G325
G369	G94
G94	G689
G711	G94
G94	G764
G95	G97
G95	G310
G392	G95
G564	G95
G95	G753
G910	G95
G410	G96
G96	G437
G96	G552
G96	G737
G97	G289
G301	G97
G642	G97
G728	G97
G97	G752
G902	G97
G959	G97
G123	G98
G98	G168
G98	G287
G322	G98
G98	G526
G98	G581
G595	G98
G615	G98
G98	G653
G742	G98
G882	G98
G932	G98
G139	G99
G99	G212
G99	G217
G99	G256
G99	G572
G99	G609
G99	G638
G670	G99
G695	G99
G770	G99
G99	G840
G846	G99
G99	G948
G100	G216
G100	G248
G100	G259
G100	G466
G100	G547
G695	G100
G100	G791
G100	G821
G101	G223
G269	G101
G101	G526
G101	G572
G706	G101
G827	G101
G849	G101
G917	G101
G939	G101
G102	G103
G102	G117
G102	G142
G102	G190
G102	G226
G368	G102
G680	G102
G705	G102
G102	G825
G102	G975
G103	G282
G103	G364
G103	G370
G103	G387
G103	G733
G103	G852
G103	G937
G104	G111
G219	G104
G352	G104
G104	G419
G429	G104
G104	G566
G104	G682
G757	G104
G104	G811
G148	G105
G385	G105
G393	G105
G452	G105
G105	G650
G692	G105
G105	G797
G105	G954
G106	G230
G106	G365
G402	G106
G642	G106
G706	G106
G106	G730
G864	G106
G433	G107
G558	G107
G667	G107
G107	G800
G118	G108
G128	G108
G108	G130
G108	G286
G335	G108
G465	G108
G594	G108
G108	G690
G108	G695
G779	G108
G108	G825
G829	G108
G947	G108
G115	G109
G109	G167
G109	G258
G306	G109
G109	G341
G513	G109
G109	G547
G686	G109
G110	G155
G110	G272
G384	G110
G110	G452
G110	G491
G508	G110
G110	G516
G527	G110
G550	G110
G110	G601
G110	G635
G644	G110
G110	G785
G273	G111
G449	G111
G111	G652
G699	G111
G111	G757
G857	G111
G889	G111
G112	G304
G398	G112
G112	G404
G112	G433
G464	G112
G112	G496
G112	G604
G112	G699
G112	G716
G112	G745
G112	G772
G112	G800
G112	G902
G112	G947
G984	G112
G152	G113
G323	G113
G695	G113
G113	G738
G744	G113
G879	G113
G114	G120
G269	G114
G361	G114
G114	G444
G114	G451
G476	G114
G114	G544
G603	G114
G775	G114
G867	G114
G114	G868
G115	G177
G179	G115
G186	G115
G115	G213
G115	G281
G115	G320
G115	G489
G115	G720
G115	G782
G115	G826
G882	G115
G153	G116
G116	G210
G263	G116
G455	G116
G477	G116
G895	G116
G907	G116
G116	G931
G117	G148
G195	G117
G213	G117
G266	G117
G444	G117
G597	G117
G117	G652
G117	G665
G117	G685
G117	G780
G118	G157
G350	G118
G118	G438
G442	G118
G554	G118
G776	G118
G844	G118
G945	G118
G118	G969
G279	G119
G119	G283
G500	G119
G557	G119
G628	G119
G119	G644
G975	G119
G120	G161
G285	G120
G120	G402
G120	G667
G120	G670
G120	G803
G925	G120
G121	G134
G396	G121
G121	G501
G121	G538
G122	G205
G248	G122
G122	G412
G446	G122
G512	G122
G706	G122
G122	G721
G782	G122
G122	G794
G929	G122
G136	G123
G265	G123
G394	G123
G123	G516
G531	G123
G671	G123
G123	G736
G825	G123
G123	G885
G952	G123
G137	G124
G124	G239
G360	G124
G496	G124
G528	G124
G124	G712
G124	G786
G197	G125
G125	G208
G531	G125
G646	G125
G655	G125
G665	G125
G125	G719
G125	G941
G125	G969
G126	G193
G126	G375
G477	G126
G126	G527
G130	G127
G260	G127
G291	G127
G535	G127
G127	G635
G716	G127
G127	G818
G825	G127
G844	G127
G127	G881
G128	G175
G470	G128
G128	G566
G577	G128
G680	G128
G702	G128
G128	G714
G129	G203
G129	G344
G546	G129
G673	G129
G995	G129
G236	G130
G340	G130
G386	G130
G130	G520
G130	G528
G793	G130
G130	G863
G908	G130
G131	G172
G131	G417
G131	G420
G131	G467
G526	G131
G561	G131
G131	G576
G711	G131
G131	G769
G131	G930
G132	G177
G223	G132
G132	G264
G313	G132
G132	G338
G416	G132
G132	G428
G465	G132
G472	G132
G529	G132
G132	G564
G639	G132
G132	G653
G132	G875
G132	G998
G133	G185
G256	G133
G464	G133
G133	G534
G751	G133
G828	G133
G851	G133
G133	G856
G134	G159
G134	G312
G323	G134
G134	G420
G474	G134
G134	G501
G679	G134
G818	G134
G134	G882
G885	G134
G176	G135
G254	G135
G135	G258
G135	G312
G441	G135
G454	G135
G135	G495
G534	G135
G135	G705
G723	G135
G738	G135
G990	G135
G358	G136
G447	G136
G456	G136
G502	G136
G136	G555
G614	G136
G136	G696
G753	G136
G766	G136
G970	G136
G993	G136
G137	G348
G705	G137
G816	G137
G139	G138
G138	G214
G138	G384
G606	G138
G138	G690
G138	G867
G138	G997
G139	G153
G139	G199
G139	G456
G139	G460
G587	G139
G139	G819
G139	G844
G952	G139
G185	G140
G254	G140
G140	G420
G423	G140
G140	G489
G140	G547
G140	G677
G140	G801
G140	G906
G140	G955
G141	G501
G638	G141
G680	G141
G770	G141
G796	G141
G827	G141
G141	G959
G142	G207
G649	G142
G685	G142
G695	G142
G142	G711
G866	G142
G142	G895
G954	G142
G468	G143
G143	G584
G143	G691
G143	G757
G143	G771
G788	G143
G836	G143
G940	G143
G143	G998
G144	G229
G291	G144
G144	G314
G458	G144
G144	G542
G144	G565
G144	G571
G767	G144
G413	G145
G479	G145
G145	G492
G535	G145
G145	G566
G145	G653
G671	G145
G688	G145
G745	G145
G811	G145
G145	G868
G189	G146
G480	G146
G146	G496
G146	G528
G598	G146
G656	G146
G957	G146
G146	G984
G147	G185
G147	G221
G361	G147
G147	G395
G540	G147
G147	G804
G995	G147
G148	G225
G283	G148
G148	G287
G383	G148
G478	G148
G487	G148
G716	G148
G773	G148
G148	G798
G987	G148
G167	G149
G182	G149
G366	G149
G149	G446
G149	G609
G149	G704
G149	G772
G149	G790
G964	G149
G150	G218
G150	G248
G394	G150
G768	G150
G150	G829
G882	G150
G925	G150
G987	G150
G274	G151
G151	G279
G478	G151
G495	G151
G496	G151
G544	G151
G151	G548
G841	G151
G886	G151
G151	G922
G209	G152
G498	G152
G152	G659
G821	G152
G898	G152
G152	G975
G200	G153
G153	G256
G545	G153
G153	G605
G655	G153
G153	G795
G796	G153
G872	G153
G153	G969
G171	G154
G242	G154
G307	G154
G154	G426
G585	G154
G154	G759
G827	G154
G154	G917
G271	G155
G561	G155
G155	G670
G725	G155
G155	G745
G155	G787
G837	G155
G841	G155
G849	G155
G943	G155
G155	G991
G155	G995
G156	G246
G156	G292
G156	G409
G655	G156
G760	G156
G156	G937
G938	G156
G984	G156
G239	G157
G513	G157
G586	G157
G157	G639
G157	G711
G756	G157
G157	G802
G157	G972
G158	G359
G525	G158
G622	G158
G158	G654
G158	G666
G710	G158
G758	G158
G809	G158
G925	G158
G215	G159
G159	G342
G401	G159
G432	G159
G473	G159
G159	G474
G159	G535
G543	G159
G573	G159
G718	G159
G159	G745
G159	G783
G924	G159
G206	G160
G360	G160
G160	G412
G160	G695
G778	G160
G160	G782
G816	G160
G162	G161
G212	G161
G161	G365
G575	G161
G626	G161
G668	G161
G161	G709
G161	G754
G858	G161
G161	G929
G161	G985
G326	G162
G162	G372
G438	G162
G162	G734
G162	G760
G884	G162
G162	G945
G163	G253
G268	G163
G415	G163
G163	G454
G163	G502
G539	G163
G568	G163
G163	G660
G768	G163
G163	G868
G163	G894
G164	G318
G164	G523
G164	G566
G576	G164
G669	G164
G708	G164
G164	G786
G790	G164
G805	G164
G829	G164
G164	G898
G165	G175
G165	G201
G165	G208
G165	G443
G514	G165
G865	G165
G165	G909
G165	G926
G166	G240
G166	G308
G632	G166
G670	G166
G693	G166
G714	G166
G739	G166
G166	G760
G166	G922
G166	G994
G174	G167
G179	G167
G167	G268
G271	G167
G167	G307
G167	G388
G167	G543
G549	G167
G605	G167
G167	G713
G719	G167
G735	G167
G167	G749
G167	G992
G168	G301
G168	G330
G168	G497
G168	G584
G168	G621
G209	G169
G169	G265
G169	G300
G378	G169
G169	G422
G433	G169
G169	G672
G708	G169
G169	G758
G169	G822
G169	G850
G903	G169
G989	G169
G170	G207
G345	G170
G170	G834
G888	G170
G965	G170
G171	G346
G488	G171
G171	G625
G785	G171
G171	G820
G871	G171
G879	G171
G910	G171
G922	G171
G172	G246
G335	G172
G172	G385
G172	G410
G517	G172
G727	G172
G745	G172
G891	G172
G172	G896
G172	G985
G173	G235
G332	G173
G408	G173
G662	G173
G173	G682
G173	G767
G173	G812
G880	G173
G198	G174
G174	G213
G241	G174
G531	G174
G174	G583
G174	G586
G174	G762
G174	G889
G174	G892
G221	G175
G175	G312
G175	G343
G175	G392
G404	G175
G413	G175
G609	G175
G175	G654
G175	G811
G176	G298
G176	G301
G176	G397
G462	G176
G481	G176
G594	G176
G176	G839
G176	G935
G177	G182
G177	G243
G177	G326
G514	G177
G177	G550
G617	G177
G710	G177
G177	G788
G177	G849
G178	G244
G254	G178
G178	G332
G697	G178
G178	G941
G179	G279
G179	G363
G475	G179
G591	G179
G179	G662
G179	G698
G803	G179
G179	G868
G179	G901
G995	G179
G246	G180
G281	G180
G180	G504
G180	G508
G180	G593
G180	G646
G874	G180
G933	G180
G180	G945
G181	G201
G283	G181
G287	G181
G472	G181
G618	G181
G181	G903
G243	G182
G339	G182
G182	G736
G182	G757
G182	G807
G204	G183
G183	G235
G183	G265
G183	G282
G313	G183
G183	G462
G183	G469
G183	G646
G766	G183
G953	G183
G962	G183
G200	G184
G203	G184
G211	G184
G249	G184
G253	G184
G333	G184
G346	G184
G484	G184
G184	G511
G184	G535
G184	G555
G636	G184
G184	G834
G185	G313
G373	G185
G414	G185
G540	G185
G594	G185
G185	G701
G185	G776
G850	G185
G202	G186
G213	G186
G186	G355
G388	G186
G186	G593
G618	G186
G687	G186
G186	G769
G770	G186
G817	G186
G186	G932
G187	G453
G539	G187
G685	G187
G747	G187
G774	G187
G187	G815
G187	G940
G949	G187
G993	G187
G312	G188
G188	G373
G479	G188
G188	G486
G188	G850
G317	G189
G189	G452
G557	G189
G677	G189
G189	G712
G800	G189
G868	G189
G189	G929
G190	G272
G397	G190
G190	G535
G743	G190
G934	G190
G369	G191
G191	G534
G191	G591
G598	G191
G606	G191
G271	G192
G192	G354
G192	G386
G192	G653
G880	G192
G192	G953
G192	G977
G193	G307
G193	G457
G193	G687
G716	G193
G193	G978
G998	G193
G275	G194
G288	G194
G194	G293
G194	G574
G194	G759
G194	G943
G195	G437
G195	G509
G530	G195
G195	G658
G828	G195
G865	G195
G873	G195
G990	G195
G215	G196
G196	G290
G196	G417
G653	G196
G196	G811
G842	G196
G196	G863
G197	G244
G388	G197
G460	G197
G197	G558
G569	G197
G197	G578
G881	G197
G923	G197
G247	G198
G198	G317
G198	G374
G465	G198
G515	G198
G198	G604
G650	G198
G198	G716
G937	G198
G243	G199
G391	G199
G199	G520
G755	G199
G199	G887
G199	G905
G200	G229
G200	G291
G355	G200
G476	G200
G574	G200
G200	G660
G200	G812
G200	G906
G231	G201
G201	G518
G543	G201
G552	G201
G712	G201
G749	G201
G855	G201
G880	G201
G201	G909
G980	G201
G347	G202
G401	G202
G202	G488
G525	G202
G202	G536
G541	G202
G202	G552
G202	G882
G202	G897
G202	G931
G521	G203
G566	G203
G697	G203
G203	G798
G802	G203
G903	G203
G203	G971
G204	G275
G448	G204
G721	G204
G204	G762
G204	G808
G204	G916
G204	G954
G205	G260
G322	G205
G205	G354
G205	G419
G466	G205
G538	G205
G580	G205
G205	G581
G206	G259
G378	G206
G409	G206
G206	G604
G905	G206
G207	G506
G761	G207
G207	G880
G207	G917
G207	G979
G214	G208
G208	G320
G208	G345
G208	G674
G208	G929
G253	G209
G209	G309
G386	G209
G209	G398
G209	G538
G209	G596
G676	G209
G209	G772
G209	G896
G471	G210
G529	G210
G210	G566
G700	G210
G803	G210
G415	G211
G485	G211
G211	G564
G614	G211
G616	G211
G617	G211
G763	G211
G802	G211
G213	G212
G236	G212
G212	G385
G212	G438
G212	G468
G212	G574
G212	G641
G212	G711
G727	G212
G744	G212
G754	G212
G212	G868
G213	G261
G548	G213
G559	G213
G686	G213
G213	G706
G745	G213
G213	G751
G213	G779
G213	G805
G914	G213
G213	G934
G292	G214
G214	G295
G214	G315
G214	G325
G347	G214
G376	G214
G426	G214
G586	G214
G214	G856
G215	G235
G413	G215
G215	G451
G215	G528
G592	G215
G215	G636
G215	G705
G978	G215
G338	G216
G560	G216
G216	G691
G816	G216
G884	G216
G917	G216
G216	G928
G217	G359
G217	G579
G217	G583
G217	G617
G217	G641
G217	G741
G217	G798
G848	G217
G218	G294
G360	G218
G218	G421
G218	G473
G479	G218
G218	G730
G218	G761
G218	G824
G218	G971
G218	G972
G219	G328
G219	G381
G548	G219
G558	G219
G219	G588
G219	G811
G859	G219
G936	G219
G219	G963
G256	G220
G280	G220
G220	G294
G220	G457
G220	G604
G902	G220
G266	G221
G271	G221
G221	G337
G556	G221
G221	G675
G747	G221
G998	G221
G222	G304
G343	G222
G222	G533
G222	G637
G728	G222
G222	G789
G874	G222
G222	G879
G319	G223
G223	G368
G223	G413
G482	G223
G223	G581
G223	G586
G792	G223
G224	G404
G289	G225
G225	G300
G356	G225
G541	G225
G225	G650
G680	G225
G226	G336
G381	G226
G226	G466
G541	G226
G226	G653
G226	G718
G226	G726
G226	G975
G227	G547
G227	G736
G743	G227
G844	G227
G952	G227
G228	G363
G436	G228
G456	G228
G228	G586
G610	G228
G937	G228
G229	G432
G229	G563
G229	G626
G229	G806
G229	G815
G229	G816
G854	G229
G229	G962
G371	G230
G465	G230
G230	G572
G687	G230
G695	G230
G702	G230
G831	G230
G933	G230
G410	G231
G433	G231
G521	G231
G231	G552
G678	G231
G829	G231
G936	G231
G232	G300
G348	G232
G232	G439
G232	G592
G594	G232
G232	G603
G627	G232
G232	G653
G762	G232
G232	G774
G878	G232
G232	G888
G232	G915
G946	G232
G977	G232
G446	G233
G608	G233
G233	G704
G812	G233
G234	G317
G234	G708
G720	G234
G721	G234
G234	G909
G234	G957
G261	G235
G235	G293
G343	G235
G235	G566
G235	G607
G652	G235
G798	G235
G869	G235
G922	G235
G235	G941
G235	G961
G325	G236
G383	G236
G406	G236
G236	G644
G236	G726
G236	G776
G778	G236
G846	G236
G236	G873
G236	G879
G305	G237
G310	G237
G321	G237
G237	G362
G237	G524
G726	G237
G237	G754
G766	G237
G237	G822
G320	G238
G238	G540
G623	G238
G238	G645
G238	G708
G238	G827
G238	G852
G238	G961
G238	G987
G239	G453
G466	G239
G522	G239
G546	G239
G239	G578
G239	G674
G678	G239
G239	G821
G869	G239
G876	G239
G304	G240
G240	G493
G596	G240
G240	G647
G240	G828
G859	G240
G240	G918
G315	G241
G324	G241
G330	G241
G590	G241
G647	G241
G241	G767
G836	G241
G241	G876
G932	G241
G242	G254
G242	G298
G476	G242
G523	G242
G242	G706
G242	G766
G243	G530
G623	G243
G243	G892
G244	G323
G244	G384
G244	G427
G525	G244
G655	G244
G244	G767
G857	G244
G244	G970
G276	G245
G245	G311
G245	G506
G245	G524
G245	G541
G786	G245
G245	G997
G246	G340
G246	G362
G423	G246
G687	G246
G689	G246
G807	G246
G247	G409
G247	G452
G685	G247
G247	G686
G247	G691
G247	G786
G267	G248
G248	G275
G319	G248
G470	G248
G482	G248
G248	G504
G248	G550
G616	G248
G310	G249
G485	G249
G501	G249
G547	G249
G863	G249
G250	G256
G250	G317
G250	G345
G250	G381
G854	G250
G873	G250
G250	G990
G254	G251
G287	G251
G389	G251
G251	G455
G251	G521
G251	G745
G251	G769
G251	G771
G347	G252
G252	G385
G425	G252
G252	G426
G482	G252
G524	G252
G252	G562
G252	G605
G252	G751
G252	G984
G990	G252
G253	G372
G253	G458
G253	G464
G253	G550
G253	G572
G580	G253
G253	G649
G253	G771
G253	G960
G313	G254
G345	G254
G254	G387
G402	G254
G458	G254
G254	G638
G740	G254
G929	G254
G254	G970
G489	G255
G255	G529
G667	G255
G680	G255
G692	G255
G775	G255
G255	G839
G881	G255
G916	G255
G414	G256
G449	G256
G552	G256
G660	G256
G256	G711
G859	G256
G257	G346
G257	G689
G758	G257
G797	G257
G272	G258
G323	G258
G443	G258
G258	G461
G482	G258
G560	G258
G911	G258
G258	G920
G998	G258
G307	G259
G309	G259
G259	G335
G259	G367
G618	G259
G691	G259
G697	G259
G741	G259
G985	G259
G987	G259
G993	G259
G260	G273
G260	G351
G260	G740
G800	G260
G835	G260
G861	G260
G989	G260
G261	G375
G543	G261
G261	G553
G261	G703
G728	G261
G261	G752
G261	G801
G261	G896
G266	G262
G262	G292
G262	G407
G262	G418
G428	G262
G438	G262
G262	G475
G262	G522
G541	G262
G262	G753
G262	G811
G843	G262
G262	G896
G899	G262
G271	G263
G369	G263
G416	G263
G613	G263
G263	G741
G263	G853
G263	G902
G263	G955
G965	G263
G972	G263
G263	G975
G338	G264
G577	G264
G749	G264
G264	G828
G880	G264
G265	G266
G349	G265
G540	G265
G780	G265
G951	G265
G969	G265
G593	G266
G658	G266
G754	G266
G900	G266
G914	G266
G266	G943
G266	G993
G393	G267
G735	G267
G267	G911
G268	G273
G268	G386
G268	G435
G495	G268
G268	G752
G989	G268
G269	G301
G269	G543
G784	G269
G789	G269
G269	G831
G901	G269
G905	G269
G906	G269
G269	G994
G458	G270
G644	G270
G744	G270
G797	G270
G318	G271
G271	G328
G271	G372
G463	G271
G500	G271
G271	G591
G695	G271
G792	G271
G823	G271
G834	G271
G271	G847
G460	G272
G272	G793
G808	G272
G840	G272
G851	G272
G276	G273
G525	G273
G273	G539
G563	G273
G588	G273
G653	G273
G661	G273
G273	G743
G816	G273
G273	G821
G887	G273
G273	G891
G273	G904
G963	G273
G274	G394
G274	G466
G480	G274
G274	G530
G733	G274
G872	G274
G956	G274
G997	G274
G275	G334
G358	G275
G275	G439
G470	G275
G474	G275
G275	G478
G275	G524
G820	G275
G841	G275
G275	G856
G905	G275
G276	G313
G276	G354
G276	G441
G276	G455
G276	G529
G636	G276
G276	G736
G909	G276
G323	G277
G277	G361
G488	G277
G277	G846
G277	G918
G937	G277
G277	G968
G278	G313
G278	G362
G278	G373
G278	G506
G540	G278
G278	G644
G278	G682
G804	G278
G818	G278
G278	G840
G278	G992
G356	G279
G769	G279
G936	G279
G280	G285
G314	G280
G280	G392
G551	G280
G280	G935
G280	G984
G309	G281
G657	G281
G281	G909
G640	G282
G754	G282
G282	G776
G282	G807
G282	G809
G885	G282
G964	G282
G996	G282
G283	G286
G329	G283
G283	G467
G518	G283
G530	G283
G873	G283
G927	G283
G471	G284
G815	G284
G844	G284
G285	G431
G505	G285
G725	G285
G285	G819
G558	G286
G589	G286
G784	G286
G875	G286
G286	G938
G290	G287
G287	G312
G287	G409
G287	G558
G599	G287
G287	G611
G287	G640
G331	G288
G288	G432
G545	G288
G623	G288
G870	G288
G873	G288
G289	G497
G289	G567
G594	G289
G289	G669
G710	G289
G289	G724
G289	G852
G290	G292
G309	G290
G666	G290
G290	G844
G291	G455
G464	G291
G291	G500
G547	G291
G291	G615
G291	G718
G291	G821
G903	G291
G942	G291
G993	G291
G292	G417
G292	G528
G564	G292
G610	G292
G292	G618
G801	G292
G293	G492
G293	G502
G602	G293
G293	G811
G293	G873
G293	G897
G918	G293
G494	G294
G611	G294
G728	G294
G294	G758
G922	G294
G311	G295
G295	G478
G610	G295
G659	G295
G786	G295
G295	G821
G296	G369
G296	G571
G768	G296
G816	G296
G999	G296
G581	G297
G601	G297
G297	G631
G756	G297
G297	G761
G858	G297
G931	G297
G999	G297
G380	G298
G660	G298
G298	G731
G298	G925
G989	G298
G315	G299
G299	G427
G299	G548
G621	G299
G766	G299
G300	G442
G648	G300
G300	G874
G915	G300
G300	G956
G475	G301
G791	G301
G346	G302
G302	G441
G443	G302
G566	G302
G302	G585
G621	G302
G302	G658
G661	G302
G302	G678
G763	G302
G865	G302
G909	G302
G951	G302
G302	G968
G302	G997
G303	G361
G303	G439
G303	G508
G783	G303
G303	G919
G356	G304
G394	G304
G439	G304
G519	G304
G564	G304
G573	G304
G847	G304
G304	G850
G867	G304
G914	G304
G304	G966
G990	G304
G359	G305
G305	G619
G644	G305
G691	G305
G779	G305
G342	G306
G306	G419
G493	G306
G533	G306
G306	G761
G843	G306
G315	G307
G333	G307
G437	G307
G456	G307
G655	G307
G307	G661
G307	G673
G307	G766
G307	G852
G860	G307
G308	G485
G557	G308
G488	G309
G558	G309
G597	G309
G412	G310
G310	G429
G310	G505
G590	G310
G310	G605
G639	G310
G681	G310
G310	G728
G310	G838
G856	G310
G310	G857
G310	G862
G310	G948
G310	G955
G311	G318
G485	G311
G311	G740
G852	G311
G311	G956
G312	G316
G312	G495
G312	G551
G649	G312
G661	G312
G780	G312
G312	G838
G981	G312
G354	G313
G470	G313
G313	G551
G313	G822
G313	G844
G313	G849
G872	G313
G325	G314
G419	G314
G314	G482
G504	G314
G655	G314
G314	G679
G314	G834
G911	G314
G315	G366
G383	G315
G315	G589
G753	G315
G771	G315
G904	G315
G604	G316
G316	G782
G830	G316
G316	G882
G316	G940
G975	G316
G317	G453
G317	G539
G672	G317
G771	G317
G787	G317
G863	G317
G888	G317
G965	G317
G317	G972
G317	G978
G355	G318
G318	G488
G497	G318
G318	G572
G639	G318
G318	G642
G731	G318
G318	G786
G318	G794
G318	G939
G318	G992
G430	G319
G494	G319
G319	G557
G319	G616
G319	G638
G319	G649
G799	G319
G319	G805
G319	G817
G866	G319
G937	G319
G320	G336
G489	G320
G320	G503
G719	G320
G763	G320
G840	G320
G320	G878
G332	G321
G321	G340
G321	G507
G321	G671
G321	G772
G920	G321
G321	G932
G322	G366
G502	G322
G820	G322
G835	G322
G902	G322
G372	G323
G399	G323
G439	G323
G323	G452
G323	G873
G357	G324
G421	G324
G324	G434
G569	G324
G325	G364
G325	G389
G417	G325
G325	G466
G481	G325
G325	G494
G325	G550
G564	G325
G325	G661
G808	G325
G325	G836
G325	G841
G876	G325
G889	G325
G325	G914
G326	G433
G326	G529
G326	G546
G326	G793
G867	G326
G891	G326
G929	G326
G326	G935
G398	G327
G327	G429
G453	G327
G327	G457
G476	G327
G819	G327
G903	G327
G327	G933
G411	G328
G328	G447
G533	G328
G596	G328
G617	G328
G661	G328
G328	G715
G792	G328
G328	G801
G328	G815
G329	G426
G629	G329
G329	G763
G329	G859
G863	G329
G330	G513
G529	G330
G330	G704
G330	G823
G331	G735
G782	G331
G331	G866
G331	G876
G892	G331
G332	G424
G332	G544
G611	G332
G332	G617
G332	G812
G347	G333
G412	G333
G333	G506
G333	G507
G671	G333
G333	G774
G987	G333
G334	G539
G334	G615
G618	G334
G734	G334
G788	G334
G334	G850
G959	G334
G335	G423
G493	G335
G700	G335
G851	G335
G892	G335
G336	G365
G369	G336
G336	G414
G336	G463
G502	G336
G336	G525
G538	G336
G336	G557
G336	G606
G336	G750
G809	G336
G336	G823
G827	G336
G862	G336
G948	G336
G999	G336
G337	G376
G433	G337
G337	G481
G960	G337
G415	G338
G478	G338
G483	G338
G338	G548
G625	G338
G706	G338
G338	G802
G816	G338
G338	G835
G338	G869
G968	G338
G586	G339
G738	G339
G804	G339
G340	G381
G395	G340
G340	G489
G340	G635
G703	G340
G949	G340
G546	G341
G341	G647
G666	G341
G341	G751
G341	G794
G341	G938
G966	G341
G462	G342
G342	G543
G777	G342
G342	G880
G342	G939
G664	G343
G720	G343
G343	G723
G343	G877
G343	G982
G357	G344
G384	G344
G344	G400
G344	G430
G579	G344
G345	G399
G345	G606
G694	G345
G699	G345
G346	G719
G346	G792
G818	G346
G851	G346
G866	G346
G892	G346
G346	G924
G347	G535
G647	G347
G683	G347
G948	G347
G964	G347
G348	G485
G348	G487
G550	G348
G695	G348
G348	G703
G723	G348
G781	G348
G348	G859
G861	G348
G348	G872
G348	G895
G348	G967
G980	G348
G994	G348
G349	G483
G349	G544
G349	G567
G349	G730
G349	G835
G349	G975
G645	G350
G350	G758
G867	G350
G999	G350
G568	G351
G729	G351
G735	G351
G351	G785
G351	G789
G824	G351
G351	G857
G939	G351
G956	G351
G366	G352
G418	G352
G522	G352
G352	G598
G614	G352
G900	G352
G353	G461
G752	G353
G353	G900
G353	G944
G390	G354
G395	G354
G354	G403
G354	G600
G354	G601
G722	G354
G354	G775
G910	G354
G355	G368
G355	G378
G355	G468
G355	G673
G933	G355
G397	G356
G356	G401
G608	G356
G636	G356
G678	G356
G735	G356
G356	G750
G356	G759
G356	G842
G356	G943
G356	G950
G970	G356
G357	G547
G653	G357
G357	G654
G357	G678
G876	G357
G357	G942
G437	G358
G358	G493
G594	G358
G786	G358
G842	G358
G852	G358
G952	G358
G359	G661
G359	G701
G359	G743
G359	G900
G359	G926
G580	G360
G360	G666
G779	G360
G360	G786
G360	G802
G837	G360
G840	G360
G970	G360
G710	G361
G407	G362
G503	G362
G362	G551
G362	G600
G671	G362
G362	G855
G876	G362
G362	G937
G942	G363
G650	G364
G364	G759
G837	G364
G878	G364
G364	G943
G365	G449
G365	G573
G365	G764
G775	G365
G365	G825
G365	G953
G966	G365
G631	G366
G660	G366
G366	G751
G877	G366
G366	G978
G401	G367
G576	G367
G367	G656
G907	G367
G367	G915
G367	G998
G393	G368
G368	G395
G698	G368
G368	G720
G368	G740
G368	G810
G368	G938
G397	G369
G369	G412
G369	G472
G508	G369
G369	G547
G597	G369
G621	G369
G369	G659
G850	G369
G940	G369
G370	G407
G370	G630
G370	G784
G370	G926
G371	G450
G371	G495
G623	G371
G371	G854
G371	G950
G371	G964
G371	G992
G410	G372
G372	G522
G372	G702
G736	G372
G805	G372
G372	G865
G373	G444
G521	G373
G373	G663
G727	G373
G373	G872
G874	G373
G994	G373
G374	G559
G374	G821
G846	G374
G866	G374
G375	G486
G375	G656
G375	G671
G375	G745
G375	G826
G375	G876
G375	G878
G891	G375
G375	G964
G991	G375
G375	G997
G490	G376
G510	G376
G547	G376
G613	G376
G376	G636
G376	G664
G376	G708
G376	G808
G545	G377
G682	G377
G805	G377
G530	G378
G378	G587
G378	G603
G378	G673
G710	G378
G378	G746
G379	G400
G379	G462
G379	G479
G379	G663
G379	G703
G379	G760
G379	G976
G977	G379
G991	G379
G382	G380
G380	G658
G660	G380
G713	G380
G381	G744
G788	G381
G852	G381
G924	G381
G405	G382
G434	G382
G382	G477
G605	G382
G627	G382
G382	G689
G696	G382
G757	G382
G382	G781
G382	G842
G867	G382
G383	G600
G677	G383
G903	G383
G384	G448
G570	G384
G384	G642
G695	G384
G384	G738
G905	G384
G385	G417
G426	G385
G472	G385
G385	G480
G621	G385
G646	G385
G385	G689
G385	G860
G385	G927
G401	G386
G386	G571
G386	G674
G492	G387
G387	G498
G542	G387
G580	G387
G600	G387
G387	G618
G682	G387
G387	G688
G771	G387
G881	G387
G507	G388
G568	G388
G388	G640
G388	G664
G388	G843
G388	G912
G393	G389
G389	G399
G597	G389
G389	G611
G625	G389
G832	G389
G389	G914
G389	G932
G390	G553
G580	G390
G631	G390
G390	G847
G391	G398
G586	G391
G391	G665
G763	G391
G793	G391
G391	G925
G449	G392
G392	G521
G392	G577
G392	G631
G392	G692
G706	G392
G393	G566
G393	G577
G726	G393
G393	G748
G750	G393
G393	G955
G393	G998
G680	G394
G721	G394
G748	G394
G857	G394
G896	G394
G987	G394
G395	G557
G633	G395
G681	G395
G783	G395
G396	G438
G524	G396
G554	G396
G396	G700
G396	G727
G826	G396
G396	G973
G396	G978
G982	G396
G397	G441
G479	G397
G397	G584
G647	G397
G675	G397
G397	G790
G850	G397
G954	G397
G398	G506
G398	G703
G836	G398
G398	G840
G398	G979
G412	G399
G399	G436
G399	G469
G399	G527
G618	G399
G399	G807
G399	G820
G834	G399
G399	G931
G399	G958
G688	G400
G871	G400
G400	G955
G401	G428
G401	G682
G401	G702
G401	G790
G461	G402
G402	G465
G502	G402
G514	G402
G402	G582
G402	G587
G592	G402
G402	G629
G402	G691
G402	G711
G402	G733
G402	G767
G784	G402
G402	G853
G402	G965
G462	G403
G522	G403
G628	G403
G403	G832
G404	G413
G404	G474
G404	G484
G404	G547
G780	G404
G827	G404
G838	G404
G846	G404
G995	G404
G405	G419
G433	G405
G532	G405
G405	G543
G405	G615
G405	G643
G646	G405
G683	G405
G765	G405
G405	G854
G406	G657
G757	G406
G843	G406
G406	G931
G948	G406
G949	G406
G406	G978
G407	G426
G407	G479
G621	G407
G407	G728
G756	G407
G407	G825
G407	G914
G408	G416
G408	G429
G408	G522
G547	G408
G408	G609
G408	G635
G408	G686
G798	G408
G408	G892
G898	G408
G437	G409
G409	G561
G614	G409
G927	G409
G409	G956
G524	G410
G410	G571
G410	G689
G701	G410
G410	G800
G410	G983
G423	G411
G411	G501
G411	G560
G628	G411
G636	G411
G738	G411
G411	G822
G836	G411
G411	G929
G987	G411
G634	G412
G412	G777
G927	G412
G412	G955
G417	G413
G474	G413
G413	G480
G413	G741
G413	G858
G445	G414
G545	G414
G414	G569
G630	G414
G875	G414
G920	G414
G415	G471
G582	G415
G415	G662
G415	G780
G416	G480
G616	G416
G625	G416
G707	G416
G416	G714
G426	G417
G471	G417
G417	G500
G509	G417
G569	G417
G809	G417
G954	G417
G417	G976
G418	G512
G574	G418
G418	G661
G418	G937
G419	G505
G419	G534
G659	G419
G801	G419
G419	G827
G915	G419
G420	G610
G420	G625
G420	G826
G420	G992
G490	G421
G517	G421
G534	G421
G745	G421
G421	G775
G421	G833
G421	G851
G421	G901
G614	G422
G645	G422
G422	G831
G924	G422
G423	G427
G564	G423
G638	G423
G659	G423
G701	G423
G714	G423
G927	G423
G596	G424
G424	G759
G424	G767
G424	G787
G796	G424
G969	G424
G997	G424
G425	G472
G529	G425
G531	G425
G425	G544
G425	G647
G870	G425
G587	G426
G426	G661
G963	G426
G471	G427
G542	G427
G427	G588
G593	G427
G427	G675
G718	G427
G427	G719
G427	G745
G891	G427
G906	G427
G428	G463
G468	G428
G428	G536
G428	G596
G428	G703
G428	G879
G922	G428
G429	G756
G836	G429
G430	G441
G501	G430
G587	G430
G726	G430
G430	G806
G431	G519
G431	G595
G431	G658
G431	G931
G547	G432
G726	G432
G432	G807
G833	G432
G445	G433
G433	G496
G506	G433
G433	G620
G433	G645
G750	G433
G874	G433
G452	G434
G472	G434
G434	G479
G434	G649
G434	G676
G434	G721
G803	G434
G904	G434
G434	G962
G479	G435
G435	G485
G632	G435
G656	G435
G701	G435
G435	G787
G498	G436
G436	G671
G436	G928
G963	G436
G436	G989
G437	G492
G547	G437
G616	G437
G437	G792
G803	G437
G437	G815
G437	G865
G437	G896
G438	G444
G438	G560
G688	G438
G438	G710
G735	G438
G438	G758
G438	G784
G438	G975
G453	G439
G751	G439
G790	G439
G827	G439
G517	G440
G669	G440
G739	G440
G772	G440
G440	G791
G901	G440
G440	G904
G462	G441
G499	G441
G587	G441
G441	G707
G441	G775
G441	G793
G835	G441
G441	G881
G441	G969
G979	G441
G441	G985
G451	G442
G555	G442
G818	G442
G959	G442
G968	G442
G442	G987
G510	G443
G443	G540
G726	G443
G443	G758
G444	G640
G444	G698
G444	G811
G444	G830
G444	G863
G444	G869
G876	G444
G444	G948
G444	G987
G445	G452
G733	G445
G735	G445
G445	G862
G446	G489
G516	G446
G446	G685
G830	G446
G446	G845
G896	G446
G951	G446
G446	G989
G446	G992
G474	G447
G550	G447
G447	G579
G731	G447
G757	G447
G888	G447
G448	G460
G448	G505
G615	G448
G448	G760
G789	G448
G448	G902
G529	G449
G449	G579
G587	G449
G781	G449
G875	G449
G449	G922
G449	G993
G449	G994
G450	G466
G483	G450
G642	G450
G660	G450
G758	G450
G840	G450
G450	G917
G845	G451
G451	G922
G926	G451
G451	G943
G452	G517
G559	G452
G452	G644
G452	G714
G718	G452
G452	G836
G856	G452
G903	G452
G961	G452
G453	G551
G453	G556
G453	G978
G454	G580
G639	G454
G640	G454
G454	G666
G730	G454
G753	G454
G885	G454
G455	G844
G455	G845
G459	G456
G456	G527
G663	G456
G673	G456
G456	G787
G456	G792
G803	G456
G848	G456
G960	G456
G456	G988
G491	G457
G681	G457
G457	G735
G756	G457
G778	G457
G457	G880
G458	G496
G458	G640
G676	G458
G789	G458
G535	G459
G622	G459
G685	G459
G459	G726
G898	G459
G991	G459
G460	G521
G460	G602
G723	G460
G825	G460
G460	G833
G499	G461
G461	G506
G594	G461
G461	G630
G461	G660
G461	G944
G524	G462
G462	G665
G685	G462
G462	G832
G462	G833
G874	G462
G462	G924
G582	G463
G697	G463
G463	G801
G884	G463
G946	G463
G464	G491
G464	G741
G805	G464
G826	G464
G912	G464
G958	G464
G465	G565
G598	G465
G465	G680
G884	G465
G465	G942
G466	G575
G764	G466
G467	G534
G578	G467
G467	G781
G797	G467
G922	G467
G467	G962
G468	G512
G469	G541
G566	G469
G469	G668
G469	G739
G469	G895
G501	G470
G568	G470
G470	G627
G666	G470
G749	G470
G858	G470
G471	G748
G504	G472
G472	G629
G472	G673
G472	G766
G472	G914
G930	G472
G608	G473
G473	G668
G741	G473
G770	G473
G811	G474
G474	G812
G902	G474
G905	G474
G475	G497
G475	G570
G475	G611
G651	G475
G699	G475
G810	G475
G847	G475
G475	G938
G476	G572
G476	G593
G641	G476
G800	G476
G476	G828
G850	G476
G861	G476
G476	G997
G477	G620
G685	G477
G697	G477
G945	G477
G477	G956
G477	G980
G478	G498
G501	G478
G478	G752
G478	G766
G995	G478
G525	G479
G671	G479
G682	G479
G479	G735
G846	G479
G890	G479
G479	G976
G633	G480
G761	G480
G786	G480
G494	G481
G551	G481
G605	G481
G481	G693
G764	G481
G481	G810
G481	G912
G937	G481
G481	G981
G482	G543
G482	G555
G643	G482
G482	G678
G791	G482
G483	G565
G587	G483
G483	G687
G483	G729
G934	G483
G483	G972
G484	G755
G861	G484
G484	G909
G485	G502
G485	G573
G617	G485
G650	G485
G712	G485
G485	G785
G845	G485
G670	G486
G486	G731
G746	G486
G486	G812
G487	G592
G487	G624
G642	G487
G487	G891
G487	G941
G955	G487
G488	G509
G650	G488
G488	G774
G488	G794
G488	G946
G566	G489
G489	G776
G489	G947
G612	G490
G490	G641
G490	G682
G725	G490
G490	G867
G969	G490
G528	G491
G994	G491
G606	G492
G676	G492
G493	G558
G493	G580
G645	G493
G853	G493
G633	G494
G494	G650
G494	G714
G761	G494
G495	G537
G495	G562
G804	G495
G495	G866
G932	G495
G954	G495
G957	G495
G513	G496
G829	G496
G496	G866
G496	G993
G497	G590
G634	G497
G698	G497
G705	G497
G497	G759
G542	G498
G664	G498
G498	G710
G773	G498
G498	G917
G499	G758
G500	G537
G639	G500
G718	G500
G500	G824
G500	G842
G906	G500
G500	G912
G500	G933
G500	G950
G790	G501
G825	G501
G501	G885
G979	G501
G983	G501
G525	G502
G502	G548
G638	G502
G646	G502
G695	G502
G720	G502
G502	G729
G738	G502
G502	G762
G772	G502
G502	G773
G824	G502
G830	G502
G881	G502
G502	G958
G560	G503
G700	G503
G503	G760
G813	G503
G503	G876
G520	G504
G504	G610
G841	G504
G538	G505
G505	G553
G505	G606
G610	G505
G895	G505
G506	G688
G506	G700
G506	G756
G772	G506
G847	G506
G856	G506
G952	G506
G959	G506
G507	G667
G507	G760
G841	G507
G507	G856
G735	G508
G508	G746
G508	G816
G887	G508
G510	G509
G558	G509
G509	G561
G869	G509
G509	G871
G509	G922
G572	G510
G510	G704
G731	G510
G787	G510
G901	G510
G538	G511
G542	G511
G511	G708
G511	G889
G511	G907
G921	G511
G935	G511
G760	G512
G858	G512
G512	G937
G626	G513
G767	G513
G798	G513
G513	G926
G990	G513
G751	G514
G780	G514
G781	G514
G915	G514
G515	G797
G836	G515
G515	G867
G516	G536
G632	G516
G749	G516
G516	G932
G516	G953
G517	G677
G687	G517
G517	G714
G786	G517
G961	G517
G517	G977
G993	G517
G518	G554
G557	G518
G599	G518
G974	G518
G519	G537
G589	G519
G519	G810
G519	G840
G519	G983
G520	G659
G520	G688
G520	G710
G899	G520
G974	G520
G521	G715
G741	G521
G521	G857
G522	G637
G827	G522
G974	G522
G644	G523
G523	G651
G828	G523
G523	G840
G523	G917
G523	G941
G524	G560
G524	G692
G524	G700
G747	G524
G816	G524
G527	G525
G556	G525
G568	G525
G525	G593
G525	G622
G526	G559
G526	G781
G796	G526
G562	G527
G656	G527
G527	G716
G527	G751
G789	G527
G527	G894
G527	G979
G528	G564
G528	G636
G528	G666
G528	G956
G529	G586
G596	G529
G529	G778
G529	G820
G531	G530
G632	G530
G530	G664
G530	G828
G530	G991
G996	G530
G531	G588
G531	G653
G760	G531
G820	G531
G871	G531
G531	G879
G659	G532
G689	G532
G532	G831
G581	G533
G533	G588
G533	G852
G533	G917
G534	G768
G953	G534
G984	G534
G600	G535
G535	G654
G535	G656
G820	G535
G821	G535
G535	G973
G590	G536
G730	G536
G754	G536
G822	G536
G950	G536
G691	G537
G537	G720
G728	G537
G537	G770
G537	G793
G816	G537
G926	G537
G538	G553
G538	G574
G734	G538
G743	G538
G919	G538
G539	G571
G539	G589
G539	G668
G692	G539
G539	G694
G539	G774
G873	G539
G539	G889
G946	G539
G539	G964
G762	G540
G540	G787
G541	G554
G541	G604
G541	G717
G541	G791
G541	G907
G541	G962
G542	G627
G790	G542
G847	G542
G931	G542
G630	G544
G544	G690
G544	G798
G621	G545
G545	G643
G545	G776
G838	G545
G545	G897
G546	G921
G595	G547
G547	G603
G547	G605
G547	G772
G880	G547
G560	G548
G761	G548
G809	G548
G810	G548
G548	G898
G947	G548
G683	G549
G738	G549
G953	G549
G549	G998
G550	G561
G694	G550
G550	G798
G869	G550
G942	G550
G590	G551
G551	G898
G918	G551
G551	G935
G552	G785
G552	G859
G959	G552
G553	G703
G797	G553
G949	G553
G986	G553
G641	G554
G554	G763
G554	G776
G786	G554
G554	G822
G554	G847
G948	G554
G554	G953
G758	G555
G555	G894
G912	G555
G937	G555
G555	G959
G556	G557
G556	G561
G556	G680
G927	G556
G557	G749
G557	G939
G558	G693
G702	G558
G720	G558
G801	G558
G803	G558
G819	G558
G558	G879
G961	G558
G559	G724
G775	G559
G559	G893
G560	G692
G782	G560
G560	G952
G561	G572
G588	G561
G561	G664
G561	G796
G899	G561
G941	G561
G561	G964
G561	G991
G561	G995
G606	G562
G883	G562
G944	G562
G563	G927
G564	G792
G564	G898
G988	G564
G660	G565
G565	G859
G565	G878
G734	G566
G566	G959
G567	G571
G567	G654
G567	G738
G567	G924
G568	G570
G568	G829
G568	G833
G856	G568
G569	G592
G569	G837
G982	G569
G570	G853
G570	G857
G636	G571
G571	G715
G741	G571
G771	G571
G571	G981
G572	G713
G572	G801
G994	G572
G573	G677
G817	G573
G573	G832
G841	G573
G573	G914
G573	G969
G574	G732
G574	G842
G874	G574
G885	G574
G956	G574
G575	G643
G862	G575
G875	G575
G576	G629
G576	G780
G576	G845
G924	G576
G576	G956
G612	G577
G723	G577
G862	G577
G971	G577
G985	G577
G578	G711
G820	G578
G958	G578
G578	G992
G661	G579
G741	G579
G579	G760
G784	G579
G844	G579
G579	G853
G579	G956
G971	G579
G580	G589
G739	G580
G830	G580
G916	G580
G982	G580
G658	G581
G795	G581
G896	G581
G923	G581
G984	G581
G876	G582
G976	G582
G583	G846
G583	G969
G980	G583
G767	G584
G584	G841
G977	G584
G586	G694
G741	G586
G587	G629
G587	G723
G587	G726
G976	G587
G588	G651
G588	G730
G588	G731
G735	G588
G588	G780
G855	G588
G588	G923
G589	G849
G958	G589
G962	G589
G994	G589
G590	G605
G780	G590
G590	G841
G590	G978
G591	G865
G591	G885
G595	G592
G592	G632
G592	G731
G592	G891
G593	G647
G677	G593
G777	G593
G889	G593
G594	G610
G667	G594
G671	G595
G733	G595
G595	G804
G595	G838
G595	G865
G595	G968
G596	G598
G603	G596
G596	G637
G903	G596
G942	G596
G958	G596
G973	G596
G727	G597
G597	G816
G678	G598
G598	G857
G893	G598
G598	G907
G974	G598
G599	G613
G599	G618
G599	G669
G703	G599
G599	G720
G599	G761
G599	G803
G599	G942
G600	G607
G600	G637
G600	G847
G600	G870
G601	G633
G601	G998
G745	G602
G999	G602
G662	G603
G603	G686
G603	G790
G821	G603
G958	G603
G603	G986
G615	G604
G756	G604
G604	G838
G995	G604
G643	G605
G605	G785
G606	G652
G711	G606
G606	G735
G606	G736
G606	G861
G957	G606
G665	G607
G670	G607
G607	G864
G909	G607
G607	G977
G890	G608
G608	G914
G948	G608
G793	G609
G916	G609
G610	G663
G741	G610
G610	G751
G679	G611
G721	G611
G741	G611
G977	G611
G685	G612
G612	G955
G612	G968
G993	G612
G800	G613
G613	G897
G614	G656
G809	G614
G863	G614
G901	G614
G787	G615
G615	G989
G616	G675
G616	G769
G688	G617
G705	G617
G617	G717
G618	G850
G628	G619
G619	G750
G832	G619
G619	G887
G619	G905
G948	G619
G620	G687
G620	G736
G620	G744
G785	G620
G853	G620
G620	G877
G902	G621
G621	G994
G622	G671
G622	G764
G855	G622
G891	G622
G622	G903
G915	G622
G623	G682
G715	G623
G623	G793
G676	G624
G624	G827
G998	G624
G625	G666
G681	G625
G871	G625
G923	G625
G626	G647
G671	G626
G762	G626
G838	G626
G992	G626
G778	G627
G881	G627
G806	G628
G628	G903
G984	G628
G724	G629
G772	G629
G785	G629
G799	G629
G629	G802
G828	G629
G869	G629
G918	G629
G755	G631
G631	G773
G631	G774
G631	G866
G901	G631
G918	G631
G981	G631
G688	G632
G632	G751
G632	G873
G652	G633
G906	G633
G634	G742
G634	G815
G849	G634
G886	G634
G634	G940
G635	G636
G700	G635
G635	G799
G831	G635
G863	G635
G880	G635
G635	G988
G636	G930
G637	G647
G637	G731
G637	G796
G656	G638
G673	G638
G761	G638
G638	G850
G638	G863
G641	G639
G639	G701
G639	G789
G953	G639
G712	G640
G640	G747
G769	G640
G847	G640
G873	G640
G640	G958
G641	G778
G641	G897
G951	G641
G642	G678
G727	G642
G851	G642
G642	G943
G643	G790
G644	G659
G644	G668
G644	G690
G826	G644
G644	G833
G866	G644
G871	G644
G961	G644
G997	G645
G646	G684
G647	G865
G915	G647
G964	G648
G679	G649
G650	G775
G858	G650
G651	G830
G652	G715
G652	G728
G652	G780
G782	G652
G652	G908
G915	G652
G699	G653
G793	G653
G653	G873
G654	G662
G742	G654
G654	G845
G688	G655
G655	G711
G655	G743
G745	G655
G746	G655
G655	G803
G853	G655
G881	G655
G655	G967
G996	G655
G656	G747
G820	G656
G839	G656
G929	G656
G657	G699
G657	G752
G657	G828
G830	G657
G657	G887
G658	G732
G658	G810
G832	G658
G658	G958
G659	G684
G659	G691
G659	G873
G659	G930
G660	G859
G881	G660
G660	G882
G661	G790
G742	G663
G663	G761
G988	G663
G828	G664
G858	G664
G910	G664
G664	G939
G722	G665
G666	G667
G763	G666
G928	G666
G667	G761
G877	G667
G916	G667
G667	G949
G667	G984
G669	G856
G669	G957
G968	G669
G841	G670
G670	G882
G892	G670
G670	G982
G992	G670
G671	G681
G671	G825
G884	G671
G671	G958
G965	G671
G672	G776
G798	G672
G672	G990
G697	G673
G788	G673
G753	G674
G961	G674
G728	G675
G675	G773
G675	G897
G675	G970
G696	G676
G716	G676
G717	G676
G726	G676
G676	G769
G806	G676
G827	G676
G863	G676
G804	G677
G677	G831
G834	G677
G927	G677
G947	G677
G677	G979
G797	G678
G678	G889
G678	G899
G720	G679
G679	G819
G679	G880
G680	G947
G680	G989
G877	G681
G681	G884
G789	G682
G682	G831
G914	G682
G682	G972
G845	G683
G890	G683
G684	G749
G684	G905
G778	G685
G933	G685
G686	G749
G686	G911
G790	G687
G822	G687
G938	G687
G760	G688
G778	G688
G818	G688
G688	G884
G689	G734
G781	G689
G870	G689
G938	G689
G968	G689
G870	G690
G691	G959
G703	G692
G722	G692
G692	G765
G692	G809
G853	G692
G882	G692
G693	G742
G747	G693
G693	G899
G863	G694
G918	G694
G696	G782
G696	G807
G696	G809
G912	G696
G713	G697
G738	G697
G697	G953
G698	G723
G741	G698
G758	G698
G698	G775
G698	G815
G830	G698
G852	G698
G937	G698
G973	G698
G716	G699
G759	G699
G881	G699
G903	G699
G943	G699
G998	G699
G720	G700
G700	G906
G968	G700
G700	G998
G701	G778
G879	G701
G702	G736
G702	G835
G896	G702
G702	G919
G943	G702
G707	G703
G703	G861
G877	G703
G703	G887
G703	G963
G776	G704
G800	G704
G816	G704
G704	G875
G704	G886
G933	G704
G704	G939
G704	G990
G705	G972
G706	G809
G854	G706
G706	G979
G706	G993
G707	G737
G861	G707
G707	G890
G997	G707
G785	G708
G708	G803
G708	G862
G708	G903
G709	G723
G840	G709
G908	G709
G768	G710
G710	G787
G876	G710
G963	G710
G711	G930
G873	G712
G994	G712
G713	G846
G713	G890
G895	G713
G957	G713
G765	G714
G714	G817
G835	G714
G714	G838
G714	G845
G714	G869
G719	G715
G715	G744
G936	G715
G723	G716
G972	G716
G717	G809
G868	G717
G717	G873
G939	G717
G718	G780
G908	G718
G798	G719
G720	G820
G821	G720
G720	G916
G721	G878
G722	G749
G722	G763
G723	G738
G723	G857
G809	G724
G724	G861
G889	G724
G898	G724
G724	G950
G951	G724
G771	G725
G841	G725
G951	G725
G726	G779
G726	G781
G782	G726
G726	G807
G726	G882
G898	G727
G931	G729
G730	G795
G883	G730
G730	G984
G752	G731
G731	G816
G835	G731
G731	G944
G972	G731
G732	G745
G766	G732
G732	G985
G732	G989
G733	G763
G733	G790
G850	G734
G963	G734
G738	G735
G736	G888
G762	G737
G818	G738
G738	G997
G739	G951
G740	G796
G999	G740
G741	G837
G974	G741
G995	G741
G742	G746
G967	G742
G743	G785
G743	G811
G743	G982
G993	G743
G809	G744
G744	G868
G744	G993
G745	G974
G998	G746
G766	G747
G834	G747
G931	G747
G977	G747
G824	G748
G933	G748
G748	G952
G748	G997
G750	G818
G750	G876
G901	G750
G750	G942
G811	G751
G751	G862
G751	G930
G945	G751
G800	G752
G753	G801
G753	G965
G779	G754
G833	G755
G857	G755
G755	G900
G920	G755
G764	G756
G756	G962
G811	G757
G757	G990
G758	G930
G942	G758
G946	G758
G758	G948
G960	G758
G759	G845
G759	G897
G760	G766
G780	G760
G783	G760
G760	G935
G763	G940
G947	G763
G763	G956
G764	G782
G764	G836
G891	G764
G764	G957
G773	G765
G812	G765
G765	G996
G766	G775
G893	G766
G774	G767
G767	G819
G822	G767
G948	G767
G799	G768
G768	G855
G768	G858
G768	G984
G883	G770
G771	G778
G771	G835
G924	G771
G843	G772
G859	G772
G772	G897
G773	G874
G878	G773
G895	G773
G773	G985
G775	G808
G878	G775
G775	G938
G775	G958
G806	G776
G879	G776
G929	G776
G890	G777
G777	G927
G934	G778
G778	G965
G779	G877
G953	G779
G780	G795
G813	G780
G780	G831
G914	G780
G817	G781
G939	G781
G781	G996
G782	G810
G907	G782
G919	G782
G933	G783
G784	G873
G784	G924
G786	G815
G876	G786
G797	G787
G787	G936
G937	G787
G787	G952
G968	G787
G997	G787
G811	G788
G865	G788
G888	G789
G789	G889
G900	G789
G865	G791
G915	G792
G982	G792
G793	G941
G794	G851
G794	G998
G795	G855
G795	G914
G795	G915
G797	G842
G797	G879
G797	G887
G798	G895
G799	G942
G800	G993
G863	G801
G914	G801
G801	G980
G903	G802
G803	G895
G803	G931
G805	G920
G985	G806
G988	G806
G971	G808
G838	G809
G809	G931
G809	G945
G988	G809
G810	G840
G861	G810
G811	G850
G811	G852
G812	G895
G887	G813
G813	G913
G813	G917
G813	G925
G813	G927
G931	G813
G995	G813
G814	G851
G866	G814
G815	G836
G925	G815
G815	G987
G816	G850
G816	G999
G817	G878
G908	G817
G934	G817
G817	G942
G818	G866
G917	G818
G818	G968
G825	G819
G851	G820
G905	G820
G939	G820
G821	G882
G821	G955
G822	G869
G987	G822
G824	G854
G824	G888
G894	G824
G917	G824
G966	G826
G826	G989
G826	G996
G873	G827
G828	G869
G828	G997
G857	G829
G872	G829
G882	G829
G830	G983
G901	G831
G947	G831
G991	G832
G833	G912
G957	G833
G833	G990
G834	G911
G834	G977
G835	G868
G835	G896
G835	G922
G835	G934
G956	G835
G836	G840
G836	G925
G962	G836
G837	G939
G838	G848
G912	G838
G962	G838
G838	G985
G839	G862
G840	G852
G840	G868
G840	G947
G960	G841
G842	G857
G842	G943
G844	G856
G868	G845
G884	G845
G946	G845
G845	G961
G847	G866
G849	G910
G931	G849
G850	G914
G950	G851
G868	G853
G907	G853
G853	G974
G853	G994
G927	G854
G968	G855
G856	G895
G857	G860
G857	G874
G859	G982
G860	G921
G995	G861
G968	G862
G862	G974
G863	G938
G864	G972
G988	G864
G883	G865
G865	G890
G913	G865
G937	G866
G867	G965
G995	G867
G996	G867
G993	G868
G869	G977
G891	G870
G914	G870
G982	G870
G875	G936
G876	G915
G877	G966
G878	G920
G973	G878
G984	G879
G888	G880
G883	G891
G937	G884
G977	G884
G960	G885
G885	G989
G886	G892
G886	G899
G888	G919
G889	G908
G948	G889
G959	G889
G891	G908
G928	G891
G893	G983
G899	G894
G973	G894
G895	G902
G895	G948
G945	G896
G898	G985
G930	G899
G899	G994
G900	G983
G901	G998
G902	G947
G902	G960
G929	G908
G951	G908
G969	G908
G909	G976
G923	G910
G993	G910
G911	G923
G911	G929
G911	G942
G918	G913
G956	G913
G983	G913
G934	G914
G915	G996
G916	G922
G940	G918
G995	G919
G990	G920
G921	G934
G922	G928
G924	G925
G961	G925
G927	G959
G960	G927
G966	G929
G931	G965
G994	G931
G967	G933
G935	G979
G936	G960
G938	G958
G991	G938
G939	G975
G988	G939
G940	G949
G941	G989
G945	G994
G973	G946
G976	G947
G952	G992
G954	G956
G955	G987
G958	G965
G959	G967
G960	G969
G978	G964
G991	G964
G965	G978
G970	G972
G973	G992
G986	G988
G990	G994
G997	G994
