1	972
1	986
1	997
2	948
2	959
2	995
3	966
3	983
3	1000
4	933
4	960
4	979
5	620
5	979
5	995
6	927
6	984
6	994
7	963
7	982
7	984
8	969
8	994
8	997
9	960
9	963
9	1000
10	840
10	991
10	994
11	761
11	770
11	929
12	736
12	990
12	1000
13	949
13	969
13	978
14	936
14	984
14	985
15	969
15	986
15	993
16	937
16	986
16	996
17	890
17	928
17	978
18	704
18	901
18	992
19	917
19	970
19	998
20	755
20	793
20	964
21	967
21	972
21	992
22	768
22	973
22	992
23	962
23	983
23	992
24	775
24	813
24	952
25	685
25	970
25	996
26	947
26	979
26	996
27	224
27	986
27	993
28	953
28	996
28	1000
29	978
29	979
29	994
30	986
30	994
30	997
31	938
31	951
31	998
32	980
32	981
32	990
33	908
33	989
33	1000
34	247
34	842
34	998
35	991
35	994
35	1000
36	954
36	958
36	985
37	744
37	982
37	995
38	952
38	963
38	984
39	786
39	988
39	994
40	896
40	990
40	994
41	979
41	983
41	999
42	654
42	982
42	993
43	746
43	973
43	987
44	902
44	942
44	993
45	986
45	992
45	993
46	982
46	985
46	999
47	627
47	917
47	992
48	894
48	908
48	993
49	881
49	972
49	986
50	946
50	986
50	993
51	951
51	958
51	983
52	979
52	981
52	994
53	911
53	974
53	995
54	982
54	994
54	996
55	950
55	998
55	1000
56	716
56	902
56	968
57	279
57	759
57	940
58	950
58	996
58	1000
59	648
59	966
59	985
60	871
60	976
60	978
61	790
61	957
61	982
62	970
62	992
62	998
63	290
63	730
63	978
64	918
64	975
64	990
65	979
65	987
65	991
66	891
66	915
66	967
67	974
67	998
67	999
68	946
68	992
68	993
69	156
69	984
69	998
70	746
70	978
70	992
71	902
71	960
71	1000
72	737
72	923
72	997
73	789
73	956
73	979
74	945
74	964
74	998
75	746
75	979
75	992
76	894
76	931
76	990
77	947
77	979
77	995
78	648
78	952
78	962
79	888
79	988
79	990
80	988
80	997
80	999
81	991
81	997
81	998
82	833
82	977
82	993
83	829
83	923
83	983
84	852
84	990
84	998
85	969
85	977
85	978
86	971
86	975
86	997
87	915
87	952
87	1000
88	809
88	974
88	989
89	131
89	913
89	955
90	967
90	973
90	996
91	959
91	966
91	999
92	365
92	470
92	998
93	717
93	886
93	999
94	931
94	974
94	985
95	911
95	954
95	983
96	882
96	924
96	952
97	949
97	976
97	982
98	776
98	987
98	994
99	802
99	886
99	957
100	940
100	989
100	990
101	644
101	926
101	992
102	899
102	928
102	957
103	980
103	987
103	1000
104	645
104	992
104	997
105	990
105	997
105	998
106	901
106	918
106	946
107	967
107	985
107	998
108	887
108	981
108	995
109	899
109	986
109	988
110	902
110	995
110	997
111	919
111	971
111	993
112	952
112	991
112	994
113	913
113	956
113	970
114	942
114	997
114	1000
115	838
115	977
115	987
116	849
116	984
116	986
117	953
117	996
117	997
118	698
118	937
118	981
119	764
119	973
119	988
120	804
120	929
120	984
121	961
121	962
121	981
122	750
122	981
122	986
123	976
123	989
123	999
124	961
124	987
124	996
125	970
125	992
125	999
126	809
126	946
126	985
127	930
127	969
127	985
128	918
128	986
128	1000
129	934
129	955
129	997
130	990
130	998
130	999
131	89
131	982
131	995
132	789
132	924
132	985
133	906
133	986
133	998
134	964
134	990
134	995
135	599
135	984
135	1000
136	988
136	989
136	998
137	968
137	969
137	1000
138	901
138	903
138	997
139	739
139	955
139	984
140	841
140	987
140	1000
141	879
141	946
141	993
142	954
142	963
142	993
143	950
143	978
143	989
144	625
144	961
144	985
145	956
145	996
145	997
146	822
146	986
146	990
147	854
147	981
147	983
148	912
148	977
148	996
149	919
149	980
149	981
150	917
150	987
150	991
151	425
151	962
151	998
152	714
152	993
152	999
153	845
153	947
153	949
154	879
154	986
154	992
155	882
155	991
155	997
156	69
156	953
156	990
157	910
157	943
157	970
158	892
158	944
158	979
159	568
159	898
159	976
160	310
160	592
160	967
161	922
161	932
161	990
162	197
162	889
162	970
163	872
163	979
163	981
164	853
164	860
164	1000
165	914
165	932
165	960
166	766
166	972
166	991
167	467
167	969
167	995
168	908
168	971
168	985
169	603
169	710
169	973
170	488
170	999
170	1000
171	933
171	986
171	998
172	646
172	807
172	998
173	767
173	977
173	995
174	905
174	906
174	907
175	845
175	966
175	967
176	580
176	988
176	993
177	936
177	970
177	983
178	337
178	498
178	993
179	215
179	951
179	984
180	707
180	908
180	948
181	418
181	883
181	1000
182	986
182	992
182	1000
183	870
183	974
183	991
184	942
184	948
184	1000
185	933
185	973
185	983
186	927
186	992
186	995
187	952
187	979
187	998
188	990
188	995
188	998
189	601
189	982
189	984
190	973
190	978
190	998
191	985
191	986
191	994
192	973
192	986
192	997
193	954
193	991
193	993
194	926
194	992
194	994
195	878
195	976
195	1000
196	946
196	977
196	979
197	162
197	939
197	948
198	985
198	991
198	997
199	944
199	984
199	995
200	944
200	986
200	997
201	913
201	930
201	952
202	945
202	977
202	994
203	841
203	958
203	969
204	468
204	557
204	1000
205	461
205	914
205	927
206	970
206	992
206	996
207	953
207	959
207	970
208	336
208	879
208	939
209	930
209	957
209	967
210	950
210	978
210	993
211	929
211	958
211	987
212	948
212	977
212	987
213	804
213	996
213	999
214	626
214	700
214	855
215	179
215	952
215	967
216	920
216	978
216	996
217	972
217	978
217	992
218	684
218	983
218	997
219	957
219	972
219	998
220	955
220	993
220	994
221	640
221	966
221	989
222	853
222	967
222	995
223	896
223	961
223	993
224	27
224	882
224	984
225	924
225	979
225	984
226	860
226	974
226	988
227	564
227	953
227	989
228	537
228	934
228	956
229	807
229	977
229	1000
230	870
230	965
230	995
231	819
231	915
231	996
232	878
232	956
232	996
233	887
233	994
233	998
234	948
234	994
234	1000
235	983
235	999
235	1000
236	972
236	982
236	998
237	876
237	882
237	997
238	873
238	942
238	989
239	991
239	995
239	997
240	969
240	971
240	988
241	966
241	973
241	999
242	574
242	998
242	999
243	895
243	944
243	982
244	834
244	961
244	999
245	912
245	967
245	1000
246	888
246	991
246	995
247	34
247	950
247	992
248	737
248	930
248	957
249	969
249	981
249	982
250	851
250	933
250	966
251	736
251	939
251	995
252	656
252	941
252	984
253	720
253	728
253	975
254	974
254	978
254	982
255	980
255	991
255	999
256	946
256	977
256	992
257	462
257	947
257	971
258	685
258	972
258	998
259	726
259	975
259	1000
260	944
260	945
260	947
261	747
261	869
261	951
262	891
262	983
262	997
263	834
263	894
263	977
264	960
264	963
264	991
265	914
265	985
265	989
266	989
266	991
266	1000
267	725
267	971
267	993
268	710
268	989
268	999
269	974
269	979
269	992
270	690
270	782
270	921
271	761
271	986
271	1000
272	904
272	975
272	983
273	857
273	969
273	995
274	867
274	949
274	982
275	690
275	984
275	997
276	809
276	892
276	988
277	944
277	982
277	989
278	972
278	982
278	998
279	57
279	965
279	989
280	871
280	975
280	1000
281	983
281	986
281	994
281	999
282	413
282	567
282	953
282	1000
283	885
283	897
283	991
283	994
284	559
284	862
284	994
284	1000
285	473
285	979
285	989
285	998
286	950
286	992
286	998
286	1000
287	968
287	973
287	987
287	990
288	522
288	922
288	976
288	997
289	775
289	954
289	996
289	997
290	63
290	949
290	982
290	986
291	797
291	976
291	985
291	998
292	431
292	606
292	901
292	1000
293	801
293	967
293	984
293	997
294	951
294	979
294	987
294	1000
295	733
295	965
295	991
295	996
296	542
296	961
296	992
296	998
297	945
297	954
297	960
297	977
298	908
298	924
298	966
298	969
299	953
299	969
299	982
299	997
300	767
300	957
300	981
300	991
301	891
301	927
301	982
301	987
302	974
302	983
302	989
302	994
303	858
303	972
303	994
303	1000
304	763
304	945
304	977
304	999
305	826
305	966
305	977
305	987
306	934
306	966
306	986
306	998
307	944
307	959
307	978
307	984
308	393
308	831
308	979
308	986
309	841
309	929
309	950
309	998
310	160
310	794
310	961
310	996
311	965
311	972
311	982
311	989
312	886
312	980
312	998
312	999
313	502
313	980
313	987
313	993
314	957
314	965
314	978
314	1000
315	949
315	964
315	983
315	996
316	969
316	978
316	995
316	998
317	481
317	960
317	999
317	1000
318	954
318	980
318	987
318	988
319	959
319	989
319	991
319	997
320	852
320	854
320	972
320	975
321	802
321	939
321	987
321	993
322	838
322	893
322	995
322	999
323	851
323	863
323	973
323	990
324	942
324	954
324	969
324	988
325	500
325	986
325	990
325	998
326	647
326	916
326	946
326	965
327	931
327	958
327	995
327	996
328	854
328	960
328	973
328	1000
329	977
329	981
329	986
329	992
330	718
330	990
330	993
330	995
331	916
331	976
331	992
331	994
332	976
332	978
332	979
332	995
333	979
333	986
333	993
333	996
334	964
334	988
334	990
334	999
335	358
335	775
335	967
335	996
336	208
336	972
336	984
336	1000
337	178
337	971
337	979
337	999
338	938
338	941
338	959
338	972
339	720
339	860
339	933
339	974
340	696
340	962
340	978
340	995
341	923
341	993
341	999
341	1000
342	788
342	971
342	985
342	997
343	948
343	965
343	982
343	983
344	878
344	959
344	980
344	998
345	450
345	936
345	994
345	1000
346	826
346	937
346	988
346	989
347	665
347	943
347	955
347	966
348	569
348	933
348	981
348	992
349	754
349	984
349	988
349	1000
350	932
350	941
350	990
350	996
351	693
351	900
351	968
351	983
352	804
352	873
352	990
352	999
353	867
353	989
353	990
353	996
354	772
354	918
354	952
354	998
355	708
355	729
355	912
355	1000
356	870
356	937
356	984
356	989
357	906
357	985
357	988
357	993
358	335
358	707
358	985
358	995
359	550
359	757
359	998
359	1000
360	668
360	982
360	994
360	995
361	454
361	955
361	972
361	987
362	893
362	981
362	997
362	998
363	907
363	969
363	986
363	995
364	931
364	966
364	967
364	999
365	92
365	464
365	980
365	997
366	906
366	922
366	923
366	925
367	657
367	812
367	981
367	983
368	883
368	919
368	986
368	989
369	707
369	886
369	952
369	999
370	799
370	962
370	964
370	988
371	801
371	978
371	982
371	995
372	951
372	963
372	985
372	996
373	884
373	943
373	960
373	996
374	911
374	947
374	953
374	998
375	926
375	972
375	977
375	997
376	649
376	781
376	912
376	970
377	920
377	988
377	993
377	997
378	643
378	954
378	978
378	981
379	660
379	941
379	967
379	976
380	562
380	884
380	962
380	984
381	891
381	947
381	983
381	991
382	699
382	721
382	950
382	999
383	726
383	818
383	996
383	997
384	899
384	992
384	996
384	997
385	641
385	991
385	993
385	996
386	955
386	966
386	978
386	984
387	883
387	963
387	976
387	995
388	831
388	920
388	984
388	994
389	459
389	847
389	983
389	987
390	866
390	984
390	991
390	994
391	934
391	986
391	987
391	995
392	533
392	571
392	631
392	999
393	308
393	937
393	987
393	999
394	977
394	979
394	991
394	999
395	848
395	956
395	980
395	994
396	807
396	958
396	998
396	1000
397	505
397	950
397	969
397	994
398	919
398	981
398	983
398	993
399	692
399	813
399	825
399	980
400	936
400	949
400	985
400	998
401	703
401	970
401	986
401	997
402	716
402	990
402	991
402	996
403	907
403	972
403	996
403	997
404	959
404	971
404	981
404	985
405	957
405	979
405	987
405	989
406	809
406	833
406	965
406	969
407	984
407	989
407	993
407	997
408	621
408	814
408	921
408	975
409	779
409	856
409	934
409	972
410	978
410	995
410	996
410	998
411	926
411	965
411	968
411	981
412	569
412	915
412	975
412	990
413	282
413	859
413	981
413	994
414	941
414	971
414	995
414	999
415	983
415	988
415	990
415	1000
416	964
416	980
416	987
416	989
417	954
417	980
417	991
417	996
418	181
418	748
418	778
418	999
419	514
419	955
419	988
419	997
420	779
420	927
420	935
420	999
421	842
421	912
421	960
421	988
422	961
422	974
422	988
422	989
423	857
423	914
423	956
423	993
424	890
424	988
424	992
424	996
425	151
425	988
425	998
425	999
426	715
426	755
426	969
426	992
427	962
427	974
427	987
427	992
428	983
428	988
428	996
428	1000
429	915
429	991
429	993
429	998
430	972
430	987
430	989
430	995
431	292
431	550
431	976
431	982
432	910
432	930
432	987
432	996
433	717
433	777
433	973
433	977
434	896
434	969
434	977
434	996
435	739
435	907
435	951
435	991
436	975
436	991
436	995
436	996
437	492
437	990
437	995
437	998
438	969
438	985
438	993
438	1000
439	891
439	941
439	994
439	999
440	444
440	978
440	979
440	981
440	997
441	649
441	969
441	976
441	987
441	989
442	837
442	981
442	993
442	997
442	998
443	740
443	958
443	976
443	983
443	994
444	440
444	738
444	955
444	978
444	984
445	898
445	940
445	983
445	992
445	997
446	871
446	980
446	984
446	992
446	1000
447	500
447	804
447	967
447	985
447	998
448	866
448	910
448	992
448	997
448	1000
449	827
449	939
449	975
449	978
449	993
450	345
450	916
450	934
450	957
450	962
451	480
451	913
451	965
451	999
451	1000
452	900
452	920
452	933
452	979
452	994
453	770
453	945
453	970
453	986
453	987
454	361
454	843
454	986
454	995
454	996
455	840
455	967
455	978
455	980
455	984
456	740
456	880
456	909
456	975
456	996
457	863
457	926
457	973
457	977
457	996
458	756
458	872
458	880
458	902
458	991
459	389
459	659
459	900
459	957
459	993
460	653
460	843
460	939
460	968
460	973
461	205
461	959
461	973
461	974
461	992
462	257
462	953
462	972
462	996
462	997
463	938
463	964
463	980
463	992
463	993
464	365
464	955
464	974
464	987
464	998
465	655
465	734
465	802
465	961
465	986
466	792
466	878
466	962
466	969
466	996
467	167
467	975
467	976
467	992
467	999
468	204
468	942
468	975
468	979
468	986
469	708
469	811
469	974
469	977
469	996
470	92
470	977
470	988
470	996
470	998
471	777
471	904
471	909
471	971
471	984
472	909
472	933
472	989
472	990
472	1000
473	285
473	962
473	964
473	981
473	991
474	835
474	910
474	964
474	977
474	1000
475	654
475	850
475	939
475	960
475	992
476	967
476	975
476	987
476	990
476	999
477	908
477	953
477	981
477	994
477	995
478	551
478	969
478	988
478	993
478	997
479	901
479	927
479	935
479	980
479	987
480	451
480	610
480	695
480	977
480	998
481	317
481	892
481	941
481	973
481	987
482	929
482	969
482	971
482	981
482	997
483	930
483	992
483	995
483	996
483	1000
484	967
484	977
484	994
484	997
484	1000
485	533
485	951
485	956
485	977
485	982
486	803
486	932
486	948
486	979
486	998
487	836
487	960
487	967
487	976
487	992
488	170
488	942
488	953
488	992
488	995
489	948
489	975
489	996
489	999
489	1000
490	726
490	900
490	918
490	957
490	989
491	952
491	958
491	966
491	996
491	1000
492	437
492	825
492	995
492	996
492	1000
493	694
493	955
493	980
493	988
493	995
494	604
494	841
494	966
494	990
494	998
495	765
495	833
495	858
495	920
495	973
496	716
496	816
496	857
496	975
496	994
497	869
497	968
497	975
497	985
497	987
498	178
498	758
498	965
498	977
498	980
499	958
499	974
499	989
499	993
499	996
500	325
500	447
500	571
500	985
500	995
501	755
501	963
501	964
501	977
501	993
502	313
502	506
502	801
502	974
502	985
503	949
503	957
503	976
503	991
503	992
504	827
504	968
504	974
504	977
504	990
505	397
505	679
505	953
505	957
505	988
506	502
506	753
506	957
506	982
506	990
507	783
507	879
507	928
507	992
507	993
508	627
508	687
508	901
508	909
508	981
509	917
509	940
509	963
509	993
509	994
510	896
510	939
510	988
510	990
510	998
511	512
511	886
511	954
511	977
511	995
512	511
512	891
512	925
512	961
512	1000
513	746
513	898
513	957
513	980
513	996
514	419
514	796
514	939
514	977
514	995
515	899
515	904
515	909
515	970
515	985
516	763
516	826
516	971
516	982
516	998
517	557
517	664
517	865
517	983
517	991
518	875
518	928
518	956
518	966
518	990
519	847
519	913
519	947
519	974
519	994
520	923
520	995
520	997
520	998
520	999
521	935
521	970
521	976
521	995
521	996
522	288
522	911
522	941
522	968
522	982
523	740
523	960
523	990
523	991
523	999
524	967
524	973
524	991
524	994
524	1000
525	808
525	877
525	972
525	991
525	997
526	848
526	971
526	988
526	999
526	1000
527	924
527	941
527	977
527	978
527	997
528	881
528	951
528	982
528	991
528	1000
529	770
529	877
529	989
529	997
529	1000
530	923
530	941
530	964
530	997
530	999
531	891
531	909
531	945
531	991
531	1000
532	726
532	974
532	984
532	990
532	994
533	392
533	485
533	825
533	947
533	997
534	841
534	864
534	973
534	988
534	990
535	842
535	855
535	928
535	933
535	986
536	910
536	956
536	965
536	993
536	994
537	228
537	943
537	945
537	950
537	996
538	830
538	889
538	958
538	984
538	989
539	977
539	980
539	983
539	997
539	1000
540	778
540	818
540	963
540	971
540	995
541	967
541	977
541	988
541	998
541	999
542	296
542	817
542	987
542	989
542	997
543	683
543	916
543	946
543	969
543	984
544	561
544	919
544	978
544	984
544	991
545	769
545	926
545	990
545	998
545	999
546	812
546	964
546	972
546	994
546	996
547	958
547	978
547	981
547	984
547	995
548	739
548	924
548	936
548	994
548	998
549	652
549	930
549	934
549	953
549	997
550	359
550	431
550	955
550	975
550	996
551	478
551	719
551	836
551	938
551	939
552	824
552	864
552	962
552	966
552	998
553	812
553	947
553	949
553	983
553	993
553	999
554	791
554	973
554	979
554	985
554	991
554	997
555	781
555	865
555	940
555	981
555	997
555	998
556	702
556	788
556	923
556	954
556	967
556	988
557	204
557	517
557	828
557	949
557	980
557	988
558	871
558	920
558	955
558	973
558	978
558	999
559	284
559	909
559	936
559	958
559	972
559	999
560	891
560	941
560	971
560	973
560	974
560	982
561	544
561	685
561	870
561	956
561	973
561	983
562	380
562	960
562	967
562	970
562	976
562	995
563	782
563	903
563	944
563	976
563	999
563	1000
564	227
564	906
564	975
564	982
564	995
564	1000
565	844
565	878
565	922
565	924
565	954
565	980
566	835
566	937
566	938
566	960
566	965
566	976
567	282
567	800
567	920
567	933
567	978
567	992
568	159
568	751
568	874
568	941
568	949
568	980
569	348
569	412
569	669
569	794
569	973
569	975
570	866
570	902
570	937
570	968
570	982
570	997
571	392
571	500
571	818
571	911
571	972
571	999
572	875
572	884
572	920
572	933
572	960
572	995
573	624
573	853
573	948
573	974
573	998
573	999
574	242
574	714
574	802
574	916
574	943
574	993
575	903
575	960
575	972
575	981
575	987
575	991
576	678
576	791
576	937
576	957
576	986
576	999
577	863
577	908
577	968
577	986
577	990
577	992
578	827
578	902
578	954
578	959
578	989
578	993
579	971
579	972
579	976
579	978
579	980
579	988
580	176
580	959
580	977
580	993
580	995
580	997
581	687
581	848
581	977
581	985
581	997
581	1000
582	773
582	936
582	982
582	997
582	998
582	999
583	598
583	954
583	959
583	964
583	983
583	997
584	774
584	779
584	919
584	985
584	992
584	1000
585	836
585	865
585	955
585	989
585	991
585	996
586	808
586	924
586	979
586	994
586	998
586	1000
587	876
587	888
587	958
587	965
587	969
587	979
588	889
588	970
588	974
588	981
588	993
588	997
589	812
589	901
589	943
589	966
589	987
589	989
590	938
590	948
590	962
590	963
590	971
590	987
591	871
591	968
591	973
591	975
591	985
591	988
592	160
592	905
592	922
592	965
592	966
592	991
593	698
593	894
593	993
593	994
593	997
593	999
594	849
594	935
594	936
594	963
594	968
594	990
595	852
595	957
595	984
595	987
595	992
595	994
596	636
596	819
596	930
596	985
596	995
596	997
597	642
597	857
597	935
597	962
597	985
597	989
598	583
598	825
598	915
598	923
598	969
598	992
599	135
599	932
599	966
599	985
599	989
599	991
600	843
600	899
600	940
600	954
600	984
600	987
601	189
601	862
601	937
601	953
601	973
601	986
602	695
602	904
602	921
602	928
602	951
602	957
603	169
603	889
603	947
603	963
603	981
603	996
604	494
604	892
604	956
604	985
604	996
604	1000
605	904
605	954
605	970
605	980
605	981
605	994
606	292
606	778
606	855
606	872
606	892
606	941
607	681
607	811
607	906
607	950
607	985
607	999
608	669
608	856
608	968
608	970
608	989
608	996
609	809
609	828
609	891
609	968
609	989
609	995
610	480
610	870
610	877
610	909
610	953
610	991
611	913
611	935
611	987
611	991
611	992
611	994
612	900
612	949
612	975
612	985
612	992
612	996
613	633
613	923
613	958
613	983
613	987
613	995
614	945
614	954
614	958
614	967
614	971
614	982
614	993
615	697
615	775
615	921
615	949
615	951
615	955
615	993
616	898
616	961
616	965
616	984
616	987
616	989
616	998
617	677
617	690
617	852
617	863
617	879
617	963
617	983
618	867
618	930
618	954
618	984
618	985
618	992
618	995
619	787
619	845
619	939
619	950
619	964
619	978
619	994
620	5
620	719
620	801
620	913
620	958
620	964
620	985
621	408
621	697
621	707
621	930
621	967
621	992
621	997
622	741
622	874
622	890
622	959
622	986
622	989
622	995
623	699
623	790
623	923
623	959
623	970
623	993
623	995
624	573
624	777
624	889
624	971
624	973
624	981
624	999
625	144
625	896
625	968
625	977
625	982
625	986
625	1000
626	214
626	736
626	858
626	880
626	946
626	948
626	964
627	47
627	508
627	644
627	781
627	952
627	971
627	975
628	635
628	795
628	967
628	978
628	984
628	988
628	992
629	753
629	756
629	964
629	974
629	979
629	989
629	992
630	964
630	967
630	984
630	985
630	988
630	989
630	1000
631	392
631	965
631	976
631	979
631	980
631	991
631	999
632	719
632	800
632	976
632	978
632	979
632	988
632	998
633	613
633	873
633	936
633	946
633	981
633	990
633	999
634	759
634	908
634	938
634	942
634	956
634	963
634	988
635	628
635	671
635	832
635	877
635	904
635	976
635	993
636	596
636	918
636	919
636	961
636	986
636	994
636	995
637	727
637	768
637	901
637	961
637	992
637	993
637	998
638	660
638	732
638	850
638	906
638	919
638	935
638	942
639	903
639	973
639	980
639	984
639	987
639	997
639	1000
640	221
640	745
640	953
640	969
640	976
640	986
640	993
641	385
641	689
641	967
641	973
641	974
641	984
641	988
642	597
642	697
642	862
642	869
642	958
642	967
642	974
643	378
643	792
643	817
643	823
643	830
643	931
643	991
644	101
644	627
644	932
644	969
644	977
644	996
644	997
645	104
645	705
645	723
645	979
645	994
645	998
645	999
646	172
646	939
646	946
646	958
646	967
646	995
646	999
647	326
647	735
647	763
647	874
647	915
647	917
647	991
648	59
648	78
648	940
648	943
648	965
648	975
648	981
649	376
649	441
649	917
649	970
649	975
649	987
649	995
650	839
650	974
650	978
650	985
650	994
650	996
650	999
651	725
651	947
651	952
651	958
651	973
651	975
651	984
652	549
652	863
652	877
652	901
652	949
652	999
652	1000
653	460
653	833
653	922
653	932
653	975
653	980
653	993
654	42
654	475
654	937
654	976
654	985
654	986
654	997
655	465
655	767
655	888
655	922
655	960
655	991
655	996
656	252
656	793
656	912
656	975
656	986
656	994
656	1000
657	367
657	937
657	948
657	957
657	962
657	971
657	982
658	943
658	960
658	981
658	985
658	988
658	993
658	995
659	459
659	870
659	925
659	928
659	983
659	991
659	998
660	379
660	638
660	936
660	959
660	967
660	989
660	997
661	916
661	950
661	979
661	982
661	987
661	990
661	999
662	886
662	907
662	975
662	976
662	977
662	978
662	984
662	992
663	790
663	895
663	904
663	923
663	958
663	961
663	962
663	999
664	517
664	891
664	906
664	917
664	952
664	993
664	996
664	1000
665	347
665	900
665	935
665	947
665	949
665	967
665	995
665	999
666	699
666	777
666	806
666	862
666	954
666	963
666	988
666	993
667	768
667	922
667	931
667	940
667	954
667	968
667	981
667	992
668	360
668	752
668	805
668	978
668	983
668	991
668	992
668	995
669	569
669	608
669	938
669	975
669	986
669	993
669	997
669	998
670	761
670	931
670	959
670	985
670	990
670	991
670	995
670	1000
671	635
671	805
671	838
671	942
671	957
671	980
671	989
671	999
672	749
672	810
672	870
672	888
672	904
672	907
672	961
672	965
673	790
673	881
673	951
673	958
673	966
673	973
673	995
673	998
674	679
674	720
674	839
674	852
674	917
674	928
674	984
674	988
675	676
675	682
675	755
675	850
675	969
675	984
675	986
675	1000
676	675
676	727
676	835
676	859
676	978
676	980
676	996
676	997
677	617
677	691
677	742
677	864
677	909
677	968
677	993
677	997
678	576
678	935
678	959
678	976
678	989
678	990
678	999
678	1000
679	505
679	674
679	827
679	832
679	969
679	980
679	997
679	999
680	805
680	853
680	892
680	985
680	986
680	993
680	995
680	997
681	607
681	777
681	842
681	891
681	971
681	978
681	992
681	997
682	675
682	909
682	918
682	922
682	940
682	949
682	989
682	992
683	543
683	915
683	932
683	957
683	979
683	995
683	998
683	1000
684	218
684	709
684	784
684	939
684	948
684	972
684	979
684	982
685	25
685	258
685	561
685	873
685	946
685	975
685	983
685	996
686	836
686	861
686	899
686	917
686	966
686	972
686	974
686	996
687	508
687	581
687	899
687	903
687	941
687	951
687	996
687	999
688	782
688	793
688	906
688	950
688	975
688	984
688	994
688	995
689	641
689	800
689	839
689	920
689	951
689	980
689	985
689	991
690	270
690	275
690	617
690	762
690	786
690	968
690	978
690	995
691	677
691	893
691	894
691	969
691	977
691	992
691	997
691	1000
692	399
692	764
692	813
692	885
692	913
692	990
692	997
692	1000
693	351
693	906
693	921
693	968
693	975
693	982
693	990
693	999
694	493
694	828
694	922
694	976
694	980
694	986
694	998
694	999
695	480
695	602
695	810
695	918
695	948
695	959
695	994
695	995
696	340
696	880
696	919
696	955
696	970
696	981
696	988
696	994
697	615
697	621
697	642
697	786
697	859
697	901
697	930
697	976
698	118
698	593
698	922
698	929
698	944
698	954
698	981
698	994
699	382
699	623
699	666
699	715
699	741
699	750
699	860
699	969
700	214
700	956
700	961
700	981
700	986
700	988
700	989
700	997
701	888
701	923
701	947
701	975
701	984
701	987
701	992
701	996
702	556
702	813
702	839
702	906
702	943
702	944
702	953
702	959
702	992
703	401
703	712
703	833
703	894
703	943
703	946
703	992
703	996
703	1000
704	18
704	706
704	892
704	952
704	955
704	958
704	990
704	993
704	998
705	645
705	760
705	886
705	962
705	965
705	970
705	978
705	994
705	998
706	704
706	740
706	802
706	881
706	957
706	973
706	984
706	995
706	998
707	180
707	358
707	369
707	621
707	728
707	860
707	938
707	948
707	971
708	355
708	469
708	738
708	780
708	896
708	943
708	954
708	968
708	980
709	684
709	795
709	849
709	963
709	972
709	978
709	983
709	988
709	989
710	169
710	268
710	928
710	963
710	965
710	976
710	980
710	982
710	1000
711	743
711	926
711	958
711	960
711	976
711	981
711	983
711	991
711	998
712	703
712	836
712	869
712	927
712	943
712	959
712	974
712	976
712	996
713	785
713	932
713	933
713	957
713	964
713	981
713	983
713	985
713	993
714	152
714	574
714	725
714	909
714	921
714	978
714	986
714	991
714	999
715	426
715	699
715	816
715	941
715	955
715	962
715	995
715	996
715	998
716	56
716	402
716	496
716	819
716	970
716	983
716	987
716	989
716	990
717	93
717	433
717	856
717	866
717	943
717	970
717	978
717	983
717	999
718	330
718	824
718	832
718	897
718	932
718	970
718	983
718	990
718	998
719	551
719	620
719	632
719	864
719	973
719	982
719	983
719	987
719	995
720	253
720	339
720	674
720	759
720	832
720	889
720	946
720	977
720	980
721	382
721	830
721	888
721	910
721	953
721	954
721	963
721	992
721	1000
722	856
722	919
722	955
722	960
722	961
722	978
722	984
722	985
722	987
723	645
723	803
723	835
723	872
723	907
723	945
723	977
723	979
723	988
724	840
724	933
724	939
724	940
724	956
724	968
724	972
724	992
724	993
725	267
725	651
725	714
725	828
725	852
725	954
725	966
725	992
725	999
726	259
726	383
726	490
726	532
726	815
726	986
726	987
726	989
726	995
727	637
727	676
727	731
727	771
727	940
727	964
727	983
727	985
727	989
728	253
728	707
728	742
728	799
728	903
728	926
728	953
728	975
728	991
729	355
729	749
729	947
729	948
729	968
729	976
729	980
729	993
729	995
730	63
730	856
730	889
730	944
730	948
730	958
730	970
730	971
730	995
731	727
731	886
731	896
731	920
731	964
731	973
731	975
731	985
731	998
732	638
732	868
732	925
732	979
732	982
732	989
732	990
732	997
732	1000
733	295
733	768
733	845
733	919
733	942
733	943
733	968
733	976
733	988
734	465
734	802
734	856
734	935
734	949
734	980
734	984
734	992
734	1000
735	647
735	937
735	946
735	971
735	972
735	978
735	997
735	998
735	1000
736	12
736	251
736	626
736	865
736	943
736	959
736	984
736	991
736	994
736	1000
737	72
737	248
737	742
737	752
737	893
737	935
737	965
737	995
737	997
737	1000
738	444
738	708
738	784
738	786
738	850
738	851
738	855
738	977
738	978
738	998
739	139
739	435
739	548
739	756
739	934
739	970
739	983
739	985
739	991
739	995
740	443
740	456
740	523
740	706
740	890
740	913
740	972
740	988
740	990
740	993
741	622
741	699
741	886
741	904
741	946
741	971
741	980
741	982
741	994
741	1000
742	677
742	728
742	737
742	785
742	792
742	871
742	909
742	978
742	987
742	1000
743	711
743	858
743	862
743	886
743	971
743	974
743	985
743	994
743	996
743	999
744	37
744	778
744	967
744	969
744	972
744	975
744	977
744	984
744	993
744	999
745	640
745	874
745	877
745	922
745	936
745	939
745	963
745	965
745	975
745	978
746	43
746	70
746	75
746	513
746	892
746	934
746	937
746	960
746	972
746	988
747	261
747	781
747	906
747	917
747	920
747	932
747	959
747	975
747	983
747	994
748	418
748	811
748	859
748	893
748	912
748	924
748	946
748	964
748	967
748	994
749	672
749	729
749	889
749	914
749	942
749	948
749	951
749	957
749	987
749	995
750	122
750	699
750	908
750	921
750	945
750	972
750	980
750	988
750	993
750	995
751	568
751	778
751	804
751	822
751	877
751	950
751	972
751	983
751	993
751	1000
752	668
752	737
752	802
752	872
752	955
752	978
752	984
752	987
752	989
752	992
753	506
753	629
753	871
753	929
753	950
753	965
753	966
753	981
753	995
753	1000
754	349
754	790
754	819
754	944
754	978
754	987
754	989
754	995
754	997
754	1000
755	20
755	426
755	501
755	675
755	788
755	938
755	973
755	995
755	997
755	998
756	458
756	629
756	739
756	851
756	888
756	970
756	971
756	981
756	983
756	990
757	359
757	782
757	865
757	904
757	906
757	961
757	973
757	985
757	989
757	998
758	498
758	941
758	949
758	968
758	970
758	980
758	981
758	989
758	990
758	998
758	999
759	57
759	634
759	720
759	780
759	909
759	910
759	952
759	956
759	957
759	990
759	1000
760	705
760	934
760	963
760	969
760	977
760	979
760	983
760	988
760	994
760	996
760	999
761	11
761	271
761	670
761	785
761	927
761	955
761	964
761	966
761	972
761	978
761	1000
762	690
762	769
762	771
762	795
762	813
762	848
762	942
762	944
762	948
762	969
762	989
763	304
763	516
763	647
763	816
763	823
763	919
763	953
763	972
763	988
763	992
763	996
764	119
764	692
764	807
764	864
764	875
764	892
764	967
764	986
764	996
764	997
764	1000
765	495
765	864
765	945
765	953
765	968
765	980
765	983
765	990
765	991
765	998
765	999
766	166
766	868
766	870
766	938
766	942
766	944
766	953
766	957
766	991
766	993
766	997
767	173
767	300
767	655
767	774
767	929
767	966
767	967
767	978
767	980
767	981
767	989
768	22
768	637
768	667
768	733
768	863
768	881
768	892
768	938
768	990
768	991
768	998
769	545
769	762
769	816
769	877
769	895
769	914
769	926
769	940
769	974
769	979
769	988
770	11
770	453
770	529
770	794
770	837
770	968
770	979
770	992
770	994
770	996
770	999
771	727
771	762
771	784
771	828
771	934
771	947
771	954
771	968
771	991
771	998
771	1000
772	354
772	837
772	883
772	903
772	921
772	936
772	962
772	966
772	968
772	980
772	994
773	582
773	844
773	925
773	951
773	960
773	968
773	969
773	973
773	975
773	979
773	997
774	584
774	767
774	827
774	857
774	905
774	934
774	940
774	943
774	950
774	982
774	990
775	24
775	289
775	335
775	615
775	797
775	915
775	979
775	983
775	992
775	995
775	997
776	98
776	825
776	827
776	902
776	937
776	942
776	950
776	963
776	964
776	995
776	999
777	433
777	471
777	624
777	666
777	681
777	921
777	967
777	976
777	988
777	990
777	993
777	994
778	418
778	540
778	606
778	744
778	751
778	904
778	907
778	941
778	951
778	974
778	977
778	980
779	409
779	420
779	584
779	856
779	867
779	907
779	952
779	963
779	966
779	977
779	997
779	999
780	708
780	759
780	803
780	821
780	824
780	846
780	910
780	913
780	957
780	961
780	985
780	995
781	376
781	555
781	627
781	747
781	783
781	900
781	952
781	973
781	981
781	990
781	992
781	999
782	270
782	563
782	688
782	757
782	912
782	918
782	950
782	962
782	968
782	970
782	976
782	982
783	507
783	781
783	795
783	827
783	873
783	945
783	953
783	982
783	986
783	996
783	998
783	999
784	684
784	738
784	771
784	825
784	869
784	876
784	912
784	922
784	964
784	979
784	992
784	996
785	713
785	742
785	761
785	896
785	936
785	940
785	944
785	953
785	958
785	976
785	980
785	990
786	39
786	690
786	697
786	738
786	826
786	856
786	896
786	925
786	968
786	977
786	991
786	996
787	619
787	842
787	883
787	925
787	934
787	941
787	954
787	956
787	972
787	983
787	992
787	995
788	342
788	556
788	755
788	807
788	882
788	924
788	950
788	971
788	972
788	975
788	990
788	992
789	73
789	132
789	903
789	927
789	953
789	971
789	976
789	977
789	980
789	983
789	993
789	997
790	61
790	623
790	663
790	673
790	754
790	856
790	948
790	951
790	957
790	973
790	995
790	997
791	554
791	576
791	933
791	939
791	950
791	955
791	956
791	960
791	984
791	989
791	992
791	998
792	466
792	643
792	742
792	876
792	904
792	918
792	934
792	978
792	980
792	989
792	994
792	995
793	20
793	656
793	688
793	834
793	837
793	849
793	882
793	926
793	943
793	962
793	983
793	995
794	310
794	569
794	770
794	801
794	899
794	938
794	952
794	962
794	972
794	994
794	996
794	1000
795	628
795	709
795	762
795	783
795	863
795	917
795	918
795	919
795	963
795	976
795	977
795	979
795	998
796	514
796	910
796	923
796	927
796	946
796	961
796	964
796	968
796	971
796	975
796	989
796	999
796	1000
797	291
797	775
797	804
797	963
797	974
797	977
797	978
797	983
797	987
797	992
797	996
797	997
797	999
798	869
798	893
798	929
798	940
798	958
798	961
798	975
798	977
798	978
798	980
798	983
798	989
798	999
799	370
799	728
799	801
799	804
799	855
799	870
799	886
799	902
799	935
799	979
799	985
799	991
799	994
800	567
800	632
800	689
800	847
800	889
800	952
800	960
800	968
800	970
800	983
800	984
800	996
800	998
801	293
801	371
801	502
801	620
801	794
801	799
801	829
801	859
801	891
801	984
801	987
801	988
801	995
802	99
802	321
802	465
802	574
802	706
802	734
802	752
802	910
802	921
802	938
802	958
802	965
802	987
803	486
803	723
803	780
803	851
803	868
803	907
803	918
803	964
803	980
803	985
803	986
803	994
803	1000
804	120
804	213
804	352
804	447
804	751
804	797
804	799
804	926
804	969
804	971
804	977
804	986
804	992
805	668
805	671
805	680
805	901
805	902
805	919
805	920
805	937
805	949
805	971
805	973
805	983
805	996
806	666
806	831
806	914
806	947
806	956
806	958
806	971
806	972
806	977
806	980
806	987
806	995
806	997
807	172
807	229
807	396
807	764
807	788
807	909
807	936
807	949
807	965
807	972
807	981
807	986
807	991
808	525
808	586
808	841
808	874
808	898
808	932
808	965
808	968
808	974
808	982
808	984
808	985
808	991
809	88
809	126
809	276
809	406
809	609
809	895
809	943
809	949
809	957
809	972
809	986
809	990
809	994
810	672
810	695
810	844
810	862
810	871
810	881
810	913
810	949
810	977
810	987
810	988
810	989
810	995
811	469
811	607
811	748
811	815
811	874
811	948
811	950
811	965
811	976
811	979
811	991
811	993
811	997
812	367
812	546
812	553
812	589
812	896
812	905
812	951
812	952
812	961
812	980
812	987
812	988
812	997
813	24
813	399
813	692
813	702
813	762
813	895
813	914
813	958
813	964
813	968
813	979
813	982
813	988
814	408
814	830
814	884
814	952
814	956
814	959
814	966
814	967
814	980
814	981
814	993
814	997
814	998
815	726
815	811
815	817
815	902
815	951
815	954
815	984
815	985
815	988
815	993
815	994
815	997
815	1000
816	496
816	715
816	763
816	769
816	861
816	880
816	911
816	914
816	958
816	970
816	976
816	979
816	982
817	542
817	643
817	815
817	899
817	959
817	966
817	969
817	973
817	974
817	975
817	978
817	986
817	989
817	999
818	383
818	540
818	571
818	907
818	916
818	960
818	962
818	976
818	979
818	982
818	985
818	991
818	996
818	998
819	231
819	596
819	716
819	754
819	831
819	860
819	893
819	896
819	930
819	952
819	953
819	972
819	992
819	996
820	927
820	928
820	942
820	952
820	961
820	968
820	969
820	970
820	990
820	992
820	994
820	996
820	997
820	1000
821	780
821	897
821	903
821	929
821	945
821	956
821	960
821	962
821	965
821	976
821	985
821	990
821	999
821	1000
822	146
822	751
822	847
822	869
822	890
822	937
822	945
822	948
822	953
822	978
822	984
822	988
822	998
822	999
823	643
823	763
823	829
823	833
823	877
823	883
823	917
823	934
823	968
823	984
823	988
823	990
823	992
823	997
824	552
824	718
824	780
824	868
824	898
824	939
824	957
824	981
824	982
824	985
824	989
824	998
824	999
824	1000
825	399
825	492
825	533
825	598
825	776
825	784
825	865
825	885
825	905
825	941
825	971
825	977
825	984
825	994
826	305
826	346
826	516
826	786
826	838
826	871
826	940
826	949
826	958
826	967
826	975
826	985
826	993
826	1000
827	449
827	504
827	578
827	679
827	774
827	776
827	783
827	846
827	876
827	948
827	962
827	972
827	998
827	999
827	1000
828	557
828	609
828	694
828	725
828	771
828	860
828	867
828	947
828	963
828	968
828	978
828	979
828	988
828	998
828	999
829	83
829	801
829	823
829	840
829	865
829	967
829	971
829	976
829	977
829	983
829	984
829	988
829	995
829	996
829	998
830	538
830	643
830	721
830	814
830	850
830	852
830	859
830	923
830	949
830	950
830	957
830	968
830	978
830	992
830	997
831	308
831	388
831	806
831	819
831	892
831	904
831	907
831	912
831	938
831	949
831	950
831	956
831	973
831	991
831	998
832	635
832	679
832	718
832	720
832	918
832	925
832	930
832	945
832	961
832	976
832	984
832	985
832	994
832	997
832	999
833	82
833	406
833	495
833	653
833	703
833	823
833	845
833	854
833	907
833	924
833	958
833	965
833	989
833	994
833	1000
834	244
834	263
834	793
834	852
834	897
834	905
834	929
834	939
834	960
834	963
834	974
834	976
834	990
834	993
834	995
835	474
835	566
835	676
835	723
835	867
835	889
835	928
835	932
835	948
835	949
835	951
835	976
835	983
835	993
835	1000
836	487
836	551
836	585
836	686
836	712
836	844
836	892
836	906
836	935
836	966
836	969
836	979
836	992
836	994
836	998
837	442
837	770
837	772
837	793
837	859
837	872
837	889
837	959
837	970
837	978
837	981
837	990
837	993
837	995
837	1000
838	115
838	322
838	671
838	826
838	852
838	872
838	915
838	948
838	959
838	973
838	980
838	983
838	991
838	993
838	995
838	999
839	650
839	674
839	689
839	702
839	886
839	897
839	925
839	950
839	967
839	975
839	979
839	982
839	984
839	988
839	989
839	996
840	10
840	455
840	724
840	829
840	851
840	868
840	886
840	949
840	954
840	955
840	970
840	983
840	987
840	989
840	996
840	999
841	140
841	203
841	309
841	494
841	534
841	808
841	876
841	922
841	947
841	950
841	958
841	967
841	973
841	984
841	989
841	991
842	34
842	421
842	535
842	681
842	787
842	906
842	907
842	921
842	922
842	933
842	952
842	965
842	991
842	995
842	997
842	1000
843	454
843	460
843	600
843	848
843	850
843	878
843	890
843	911
843	923
843	938
843	954
843	968
843	985
843	991
843	997
843	1000
844	565
844	773
844	810
844	836
844	864
844	877
844	884
844	902
844	925
844	944
844	952
844	964
844	970
844	988
844	997
844	999
845	153
845	175
845	619
845	733
845	833
845	878
845	880
845	952
845	980
845	981
845	983
845	985
845	986
845	990
845	996
845	998
845	999
846	780
846	827
846	912
846	918
846	935
846	943
846	951
846	972
846	973
846	983
846	985
846	987
846	991
846	994
846	997
846	998
846	1000
847	389
847	519
847	800
847	822
847	854
847	873
847	880
847	904
847	927
847	928
847	932
847	936
847	964
847	972
847	994
847	999
847	1000
848	395
848	526
848	581
848	762
848	843
848	874
848	888
848	912
848	928
848	935
848	936
848	955
848	956
848	965
848	976
848	984
848	999
849	116
849	594
849	709
849	793
849	851
849	861
849	882
849	890
849	905
849	914
849	934
849	951
849	955
849	959
849	960
849	986
849	994
850	475
850	638
850	675
850	738
850	830
850	843
850	852
850	853
850	897
850	898
850	937
850	973
850	981
850	984
850	986
850	991
850	993
850	997
851	250
851	323
851	738
851	756
851	803
851	840
851	849
851	959
851	967
851	968
851	977
851	985
851	987
851	993
851	995
851	998
851	999
851	1000
852	84
852	320
852	595
852	617
852	674
852	725
852	830
852	834
852	838
852	850
852	855
852	941
852	965
852	969
852	972
852	977
852	980
852	996
853	164
853	222
853	573
853	680
853	850
853	879
853	924
853	947
853	963
853	969
853	977
853	980
853	981
853	986
853	990
853	996
853	998
853	1000
854	147
854	320
854	328
854	833
854	847
854	881
854	884
854	898
854	901
854	908
854	912
854	937
854	959
854	984
854	987
854	991
854	997
854	999
855	214
855	535
855	606
855	738
855	799
855	852
855	886
855	898
855	927
855	932
855	938
855	947
855	962
855	967
855	974
855	980
855	989
855	998
856	409
856	608
856	717
856	722
856	730
856	734
856	779
856	786
856	790
856	862
856	896
856	934
856	938
856	946
856	971
856	972
856	987
856	998
857	273
857	423
857	496
857	597
857	774
857	864
857	905
857	927
857	932
857	952
857	963
857	974
857	979
857	987
857	996
857	997
857	998
857	999
858	303
858	495
858	626
858	743
858	873
858	900
858	916
858	917
858	921
858	963
858	971
858	973
858	975
858	976
858	987
858	992
858	997
858	998
859	413
859	676
859	697
859	748
859	801
859	830
859	837
859	910
859	931
859	935
859	938
859	945
859	948
859	954
859	956
859	972
859	996
859	997
859	999
860	164
860	226
860	339
860	699
860	707
860	819
860	828
860	879
860	911
860	917
860	937
860	962
860	969
860	984
860	993
860	994
860	995
860	998
860	999
861	686
861	816
861	849
861	881
861	884
861	908
861	926
861	944
861	946
861	948
861	961
861	966
861	972
861	973
861	975
861	978
861	983
861	988
861	994
862	284
862	601
862	642
862	666
862	743
862	810
862	856
862	898
862	941
862	964
862	966
862	973
862	974
862	977
862	988
862	990
862	993
862	995
862	998
863	323
863	457
863	577
863	617
863	652
863	768
863	795
863	865
863	869
863	879
863	944
863	963
863	970
863	973
863	982
863	992
863	993
863	996
863	1000
864	534
864	552
864	677
864	719
864	764
864	765
864	844
864	857
864	916
864	931
864	959
864	971
864	973
864	980
864	993
864	995
864	996
864	997
864	1000
865	517
865	555
865	585
865	736
865	757
865	825
865	829
865	863
865	872
865	883
865	895
865	915
865	917
865	963
865	968
865	970
865	974
865	978
865	981
866	390
866	448
866	570
866	717
866	868
866	887
866	892
866	919
866	920
866	925
866	934
866	944
866	954
866	966
866	968
866	976
866	992
866	995
866	1000
867	274
867	353
867	618
867	779
867	828
867	835
867	887
867	915
867	933
867	936
867	962
867	964
867	975
867	983
867	986
867	990
867	993
867	996
867	998
868	732
868	766
868	803
868	824
868	840
868	866
868	884
868	928
868	932
868	936
868	940
868	951
868	953
868	954
868	964
868	969
868	979
868	989
868	998
869	261
869	497
869	642
869	712
869	784
869	798
869	822
869	863
869	883
869	917
869	919
869	931
869	948
869	967
869	979
869	980
869	987
869	990
869	992
869	995
870	183
870	230
870	356
870	561
870	610
870	659
870	672
870	766
870	799
870	892
870	907
870	940
870	949
870	974
870	985
870	989
870	991
870	994
870	999
870	1000
871	60
871	280
871	446
871	558
871	591
871	742
871	753
871	810
871	826
871	873
871	922
871	924
871	948
871	975
871	986
871	990
871	991
871	992
871	993
871	1000
872	163
872	458
872	606
872	723
872	752
872	837
872	838
872	865
872	878
872	893
872	894
872	914
872	957
872	963
872	974
872	979
872	984
872	987
872	992
872	995
873	238
873	352
873	633
873	685
873	783
873	847
873	858
873	871
873	880
873	930
873	932
873	933
873	939
873	940
873	947
873	991
873	992
873	994
873	995
873	996
874	568
874	622
874	647
874	745
874	808
874	811
874	848
874	894
874	896
874	908
874	912
874	914
874	939
874	958
874	976
874	986
874	993
874	994
874	998
874	999
875	518
875	572
875	764
875	888
875	896
875	904
875	907
875	932
875	943
875	956
875	958
875	971
875	973
875	974
875	976
875	978
875	979
875	982
875	986
875	992
875	999
876	237
876	587
876	784
876	792
876	827
876	841
876	878
876	912
876	931
876	935
876	960
876	965
876	967
876	968
876	971
876	983
876	984
876	987
876	993
876	994
876	995
877	525
877	529
877	610
877	635
877	652
877	745
877	751
877	769
877	823
877	844
877	914
877	931
877	958
877	960
877	965
877	968
877	984
877	985
877	993
877	994
877	995
878	195
878	232
878	344
878	466
878	565
878	843
878	845
878	872
878	876
878	899
878	934
878	935
878	963
878	966
878	979
878	985
878	987
878	990
878	993
878	994
878	999
879	141
879	154
879	208
879	507
879	617
879	853
879	860
879	863
879	904
879	918
879	931
879	934
879	946
879	950
879	973
879	987
879	988
879	989
879	990
879	992
879	993
879	999
880	456
880	458
880	626
880	696
880	816
880	845
880	847
880	873
880	882
880	888
880	894
880	921
880	954
880	966
880	973
880	978
880	981
880	988
880	990
880	991
880	993
880	996
881	49
881	528
881	673
881	706
881	768
881	810
881	854
881	861
881	893
881	895
881	897
881	909
881	945
881	957
881	961
881	970
881	978
881	985
881	995
881	997
881	998
881	1000
882	96
882	155
882	224
882	237
882	788
882	793
882	849
882	880
882	895
882	917
882	927
882	942
882	959
882	971
882	975
882	981
882	982
882	984
882	986
882	987
882	989
882	993
882	999
883	181
883	368
883	387
883	772
883	787
883	823
883	865
883	869
883	901
883	905
883	911
883	921
883	948
883	964
883	974
883	991
883	992
883	993
883	994
883	996
883	997
883	999
883	1000
884	373
884	380
884	572
884	814
884	844
884	854
884	861
884	868
884	911
884	949
884	950
884	962
884	966
884	969
884	972
884	974
884	977
884	980
884	986
884	989
884	991
884	993
884	996
885	283
885	692
885	825
885	904
885	938
885	945
885	947
885	948
885	958
885	961
885	962
885	964
885	966
885	969
885	975
885	982
885	987
885	988
885	993
885	994
885	995
885	996
885	997
886	93
886	99
886	312
886	369
886	511
886	662
886	705
886	731
886	741
886	743
886	799
886	839
886	840
886	855
886	897
886	941
886	961
886	964
886	967
886	974
886	979
886	982
886	999
887	108
887	233
887	866
887	867
887	909
887	919
887	928
887	933
887	938
887	951
887	962
887	969
887	974
887	975
887	979
887	981
887	985
887	987
887	991
887	992
887	993
887	995
887	996
888	79
888	246
888	587
888	655
888	672
888	701
888	721
888	756
888	848
888	875
888	880
888	891
888	921
888	932
888	936
888	945
888	949
888	950
888	965
888	975
888	986
888	992
888	996
888	999
889	162
889	538
889	588
889	603
889	624
889	720
889	730
889	749
889	800
889	835
889	837
889	895
889	910
889	922
889	937
889	950
889	955
889	961
889	963
889	966
889	984
889	985
889	996
889	999
890	17
890	424
890	622
890	740
890	822
890	843
890	849
890	894
890	900
890	905
890	917
890	949
890	953
890	955
890	964
890	974
890	979
890	984
890	987
890	993
890	994
890	996
890	997
890	998
890	1000
891	66
891	262
891	301
891	381
891	439
891	512
891	531
891	560
891	609
891	664
891	681
891	801
891	888
891	897
891	910
891	925
891	931
891	933
891	951
891	965
891	966
891	990
891	997
891	998
891	999
892	158
892	276
892	481
892	604
892	606
892	680
892	704
892	746
892	764
892	768
892	831
892	836
892	866
892	870
892	913
892	934
892	936
892	948
892	976
892	980
892	986
892	993
892	998
892	999
892	1000
893	322
893	362
893	691
893	737
893	748
893	798
893	819
893	872
893	881
893	937
893	944
893	951
893	952
893	953
893	955
893	956
893	971
893	974
893	982
893	988
893	990
893	991
893	993
893	998
893	999
894	48
894	76
894	263
894	593
894	691
894	703
894	872
894	874
894	880
894	890
894	911
894	923
894	945
894	956
894	959
894	966
894	975
894	981
894	983
894	985
894	986
894	988
894	991
894	993
894	994
895	243
895	663
895	769
895	809
895	813
895	865
895	881
895	882
895	889
895	911
895	925
895	952
895	959
895	974
895	976
895	980
895	981
895	982
895	987
895	988
895	992
895	993
895	994
895	995
895	997
895	999
896	40
896	223
896	434
896	510
896	625
896	708
896	731
896	785
896	786
896	812
896	819
896	856
896	874
896	875
896	915
896	926
896	931
896	933
896	945
896	948
896	973
896	982
896	985
896	986
896	988
896	999
897	283
897	718
897	821
897	834
897	839
897	850
897	881
897	886
897	891
897	898
897	913
897	918
897	925
897	932
897	946
897	947
897	966
897	967
897	976
897	977
897	981
897	984
897	985
897	987
897	988
897	991
898	159
898	445
898	513
898	616
898	808
898	824
898	850
898	854
898	855
898	862
898	897
898	901
898	903
898	915
898	934
898	935
898	944
898	961
898	966
898	968
898	969
898	980
898	987
898	990
898	994
898	998
899	102
899	109
899	384
899	515
899	600
899	686
899	687
899	794
899	817
899	878
899	901
899	902
899	905
899	915
899	916
899	961
899	966
899	967
899	973
899	974
899	982
899	986
899	993
899	996
899	997
899	998
900	351
900	452
900	459
900	490
900	612
900	665
900	781
900	858
900	890
900	922
900	935
900	938
900	942
900	949
900	955
900	958
900	968
900	973
900	975
900	980
900	985
900	988
900	990
900	997
900	999
900	1000
901	18
901	106
901	138
901	292
901	479
901	508
901	589
901	637
901	652
901	697
901	805
901	854
901	883
901	898
901	899
901	927
901	931
901	933
901	945
901	947
901	955
901	969
901	973
901	988
901	989
901	995
902	44
902	56
902	71
902	110
902	458
902	570
902	578
902	776
902	799
902	805
902	815
902	844
902	899
902	912
902	933
902	939
902	948
902	964
902	965
902	968
902	972
902	973
902	978
902	988
902	994
902	997
902	999
903	138
903	563
903	575
903	639
903	687
903	728
903	772
903	789
903	821
903	898
903	910
903	941
903	946
903	948
903	956
903	958
903	960
903	966
903	971
903	972
903	977
903	979
903	980
903	986
903	990
903	991
903	993
904	272
904	471
904	515
904	602
904	605
904	635
904	663
904	672
904	741
904	757
904	778
904	792
904	831
904	847
904	875
904	879
904	885
904	929
904	952
904	964
904	972
904	981
904	982
904	992
904	995
904	996
904	1000
905	174
905	592
905	774
905	812
905	825
905	834
905	849
905	857
905	883
905	890
905	899
905	910
905	929
905	934
905	941
905	945
905	950
905	965
905	972
905	974
905	982
905	986
905	993
905	994
905	995
905	997
905	998
905	999
906	133
906	174
906	357
906	366
906	564
906	607
906	638
906	664
906	688
906	693
906	702
906	747
906	757
906	836
906	842
906	927
906	943
906	947
906	967
906	974
906	980
906	983
906	985
906	988
906	990
906	993
906	994
906	996
907	174
907	363
907	403
907	435
907	662
907	672
907	723
907	778
907	779
907	803
907	818
907	831
907	833
907	842
907	870
907	875
907	910
907	928
907	953
907	956
907	965
907	971
907	981
907	990
907	991
907	993
907	994
907	999
908	33
908	48
908	168
908	180
908	298
908	477
908	577
908	634
908	750
908	854
908	861
908	874
908	941
908	943
908	948
908	959
908	965
908	973
908	976
908	979
908	982
908	984
908	985
908	988
908	989
908	990
908	998
908	1000
909	456
909	471
909	472
909	508
909	515
909	531
909	559
909	610
909	677
909	682
909	714
909	742
909	759
909	807
909	881
909	887
909	910
909	921
909	925
909	938
909	946
909	955
909	956
909	961
909	977
909	981
909	986
909	991
909	998
910	157
910	432
910	448
910	474
910	536
910	721
910	759
910	780
910	796
910	802
910	859
910	889
910	891
910	903
910	905
910	907
910	909
910	938
910	955
910	967
910	968
910	971
910	974
910	977
910	980
910	982
910	983
910	994
910	997
911	53
911	95
911	374
911	522
911	571
911	816
911	843
911	860
911	883
911	884
911	894
911	895
911	913
911	925
911	932
911	950
911	951
911	959
911	970
911	972
911	975
911	978
911	983
911	987
911	989
911	992
911	997
911	998
911	999
911	1000
912	148
912	245
912	355
912	376
912	421
912	656
912	748
912	782
912	784
912	831
912	846
912	848
912	854
912	874
912	876
912	902
912	937
912	939
912	950
912	959
912	968
912	970
912	971
912	980
912	982
912	986
912	988
912	990
912	996
912	997
913	89
913	113
913	201
913	451
913	519
913	611
913	620
913	692
913	740
913	780
913	810
913	892
913	897
913	911
913	918
913	934
913	949
913	969
913	974
913	978
913	981
913	982
913	987
913	990
913	991
913	992
913	993
913	996
913	998
913	999
914	165
914	205
914	265
914	423
914	749
914	769
914	806
914	813
914	816
914	849
914	872
914	874
914	877
914	932
914	938
914	942
914	944
914	955
914	960
914	967
914	974
914	981
914	983
914	984
914	985
914	987
914	988
914	989
914	991
914	997
914	999
915	66
915	87
915	231
915	412
915	429
915	598
915	647
915	683
915	775
915	838
915	865
915	867
915	896
915	898
915	899
915	920
915	924
915	936
915	958
915	964
915	970
915	975
915	977
915	979
915	985
915	992
915	994
915	995
915	996
915	998
915	999
916	326
916	331
916	450
916	543
916	574
916	661
916	818
916	858
916	864
916	899
916	921
916	923
916	931
916	932
916	942
916	954
916	955
916	956
916	957
916	965
916	971
916	972
916	973
916	978
916	988
916	989
916	990
916	991
916	992
916	999
916	1000
917	19
917	47
917	150
917	509
917	647
917	649
917	664
917	674
917	686
917	747
917	795
917	823
917	858
917	860
917	865
917	869
917	882
917	890
917	926
917	943
917	947
917	952
917	963
917	973
917	976
917	977
917	978
917	981
917	982
917	985
917	990
917	994
918	64
918	106
918	128
918	354
918	490
918	636
918	682
918	695
918	782
918	792
918	795
918	803
918	832
918	846
918	879
918	897
918	913
918	940
918	948
918	949
918	955
918	959
918	973
918	974
918	977
918	981
918	985
918	986
918	987
918	989
918	991
918	998
919	111
919	149
919	368
919	398
919	544
919	584
919	636
919	638
919	696
919	722
919	733
919	763
919	795
919	805
919	866
919	869
919	887
919	933
919	943
919	948
919	951
919	956
919	969
919	975
919	977
919	979
919	981
919	989
919	996
919	998
919	999
919	1000
920	216
920	377
920	388
920	452
920	495
920	558
920	567
920	572
920	689
920	731
920	747
920	805
920	866
920	915
920	924
920	932
920	934
920	938
920	952
920	955
920	957
920	963
920	964
920	967
920	970
920	978
920	982
920	988
920	989
920	990
920	995
920	997
920	998
921	270
921	408
921	602
921	615
921	693
921	714
921	750
921	772
921	777
921	802
921	842
921	858
921	880
921	883
921	888
921	909
921	916
921	959
921	961
921	962
921	965
921	966
921	968
921	970
921	978
921	979
921	980
921	982
921	987
921	988
921	989
921	993
921	999
922	161
922	288
922	366
922	565
922	592
922	653
922	655
922	667
922	682
922	694
922	698
922	745
922	784
922	841
922	842
922	871
922	889
922	900
922	930
922	937
922	943
922	960
922	966
922	969
922	977
922	978
922	980
922	987
922	991
922	992
922	994
922	996
922	998
923	72
923	83
923	341
923	366
923	520
923	530
923	556
923	598
923	613
923	623
923	663
923	701
923	796
923	830
923	843
923	894
923	916
923	929
923	942
923	943
923	944
923	953
923	955
923	959
923	963
923	964
923	968
923	972
923	974
923	984
923	986
923	989
923	998
924	96
924	132
924	225
924	298
924	527
924	548
924	565
924	586
924	748
924	788
924	833
924	853
924	871
924	915
924	920
924	935
924	940
924	944
924	945
924	952
924	953
924	955
924	957
924	960
924	962
924	965
924	972
924	975
924	986
924	987
924	991
924	994
924	995
924	998
925	366
925	512
925	659
925	732
925	773
925	786
925	787
925	832
925	839
925	844
925	866
925	891
925	895
925	897
925	909
925	911
925	928
925	937
925	939
925	940
925	962
925	964
925	968
925	971
925	976
925	977
925	982
925	983
925	990
925	991
925	992
925	994
925	996
925	1000
926	101
926	194
926	375
926	411
926	457
926	545
926	711
926	728
926	769
926	793
926	804
926	861
926	896
926	917
926	931
926	940
926	953
926	957
926	960
926	962
926	963
926	966
926	970
926	972
926	973
926	979
926	981
926	988
926	990
926	991
926	994
926	996
926	999
926	1000
927	6
927	186
927	205
927	301
927	420
927	479
927	712
927	761
927	789
927	796
927	820
927	847
927	855
927	857
927	882
927	901
927	906
927	951
927	961
927	962
927	963
927	964
927	967
927	968
927	975
927	977
927	979
927	985
927	986
927	988
927	989
927	990
927	995
927	1000
928	17
928	102
928	507
928	518
928	535
928	602
928	659
928	674
928	710
928	820
928	835
928	847
928	848
928	868
928	887
928	907
928	925
928	950
928	957
928	960
928	961
928	968
928	969
928	970
928	973
928	974
928	975
928	978
928	979
928	987
928	988
928	989
928	994
928	997
928	1000
929	11
929	120
929	211
929	309
929	482
929	698
929	753
929	767
929	798
929	821
929	834
929	904
929	905
929	923
929	933
929	935
929	940
929	941
929	943
929	944
929	946
929	949
929	951
929	958
929	969
929	971
929	973
929	976
929	977
929	978
929	982
929	992
929	993
929	994
929	1000
930	127
930	201
930	209
930	248
930	432
930	483
930	549
930	596
930	618
930	621
930	697
930	819
930	832
930	873
930	922
930	931
930	932
930	934
930	951
930	955
930	956
930	967
930	973
930	976
930	977
930	981
930	984
930	985
930	987
930	988
930	993
930	994
930	995
930	998
930	1000
931	76
931	94
931	327
931	364
931	643
931	667
931	670
931	859
931	864
931	869
931	876
931	877
931	879
931	891
931	896
931	901
931	916
931	926
931	930
931	935
931	938
931	941
931	944
931	950
931	968
931	973
931	980
931	981
931	982
931	983
931	986
931	987
931	988
931	992
931	996
931	997
932	161
932	165
932	350
932	486
932	599
932	644
932	653
932	683
932	713
932	718
932	747
932	808
932	835
932	847
932	855
932	857
932	868
932	873
932	875
932	888
932	897
932	911
932	914
932	916
932	920
932	930
932	940
932	952
932	954
932	960
932	973
932	977
932	988
932	996
932	998
932	1000
933	4
933	171
933	185
933	250
933	339
933	348
933	452
933	472
933	535
933	567
933	572
933	713
933	724
933	791
933	842
933	867
933	873
933	887
933	891
933	896
933	901
933	902
933	919
933	929
933	936
933	938
933	939
933	951
933	955
933	958
933	959
933	970
933	972
933	973
933	976
933	986
933	987
933	995
933	1000
934	129
934	228
934	306
934	391
934	409
934	450
934	549
934	739
934	746
934	760
934	771
934	774
934	787
934	792
934	823
934	849
934	856
934	866
934	878
934	879
934	892
934	898
934	905
934	913
934	920
934	930
934	935
934	955
934	959
934	961
934	984
934	985
934	987
934	990
934	991
934	992
934	994
934	996
934	998
935	420
935	479
935	521
935	594
935	597
935	611
935	638
935	665
935	678
935	734
935	737
935	799
935	836
935	846
935	848
935	859
935	876
935	878
935	898
935	900
935	924
935	929
935	931
935	934
935	936
935	940
935	941
935	943
935	950
935	953
935	961
935	964
935	969
935	970
935	976
935	980
935	985
935	986
935	998
936	14
936	177
936	345
936	400
936	548
936	559
936	582
936	594
936	633
936	660
936	745
936	772
936	785
936	807
936	847
936	848
936	867
936	868
936	888
936	892
936	915
936	933
936	935
936	946
936	950
936	953
936	958
936	959
936	962
936	970
936	972
936	974
936	976
936	982
936	984
936	991
936	998
936	999
936	1000
937	16
937	118
937	346
937	356
937	393
937	566
937	570
937	576
937	601
937	654
937	657
937	735
937	746
937	776
937	805
937	822
937	850
937	854
937	860
937	889
937	893
937	912
937	922
937	925
937	944
937	955
937	959
937	961
937	966
937	974
937	976
937	979
937	982
937	985
937	986
937	992
937	994
937	995
937	996
937	999
938	31
938	338
938	463
938	551
938	566
938	590
938	634
938	669
938	707
938	755
938	766
938	768
938	794
938	802
938	831
938	843
938	855
938	856
938	859
938	885
938	887
938	900
938	909
938	910
938	914
938	920
938	931
938	933
938	940
938	946
938	951
938	956
938	958
938	961
938	969
938	970
938	975
938	985
938	987
938	992
938	994
939	197
939	208
939	251
939	321
939	449
939	460
939	475
939	510
939	514
939	551
939	619
939	646
939	684
939	724
939	745
939	791
939	824
939	834
939	873
939	874
939	902
939	912
939	925
939	933
939	941
939	942
939	943
939	956
939	967
939	971
939	975
939	976
939	977
939	981
939	982
939	985
939	986
939	989
939	990
939	991
939	996
939	997
939	998
940	57
940	100
940	445
940	509
940	555
940	600
940	648
940	667
940	682
940	724
940	727
940	769
940	774
940	785
940	798
940	826
940	868
940	870
940	873
940	918
940	924
940	925
940	926
940	929
940	932
940	935
940	938
940	946
940	952
940	954
940	955
940	962
940	964
940	967
940	973
940	974
940	983
940	988
940	990
940	991
940	992
940	994
940	999
941	252
941	338
941	350
941	379
941	414
941	439
941	481
941	522
941	527
941	530
941	560
941	568
941	606
941	687
941	715
941	758
941	778
941	787
941	825
941	852
941	862
941	886
941	903
941	905
941	908
941	929
941	931
941	935
941	939
941	944
941	945
941	962
941	974
941	977
941	978
941	979
941	984
941	986
941	990
941	992
941	995
941	997
941	1000
942	44
942	114
942	184
942	238
942	324
942	468
942	488
942	634
942	638
942	671
942	733
942	749
942	762
942	766
942	776
942	820
942	882
942	900
942	914
942	916
942	923
942	939
942	945
942	951
942	954
942	959
942	961
942	965
942	967
942	971
942	972
942	973
942	974
942	975
942	979
942	980
942	983
942	985
942	986
942	988
942	993
942	994
942	996
943	157
943	347
943	373
943	537
943	574
943	589
943	648
943	658
943	702
943	703
943	708
943	712
943	717
943	733
943	736
943	774
943	793
943	809
943	846
943	875
943	906
943	908
943	917
943	919
943	922
943	923
943	929
943	935
943	939
943	944
943	952
943	955
943	960
943	967
943	968
943	976
943	982
943	983
943	985
943	989
943	995
943	998
943	999
943	1000
944	158
944	199
944	200
944	243
944	260
944	277
944	307
944	563
944	698
944	702
944	730
944	754
944	762
944	766
944	785
944	844
944	861
944	863
944	866
944	893
944	898
944	914
944	923
944	924
944	929
944	931
944	937
944	941
944	943
944	945
944	947
944	952
944	970
944	974
944	979
944	983
944	985
944	987
944	988
944	991
944	992
944	994
944	996
944	998
944	999
945	74
945	202
945	260
945	297
945	304
945	453
945	531
945	537
945	614
945	723
945	750
945	765
945	783
945	821
945	822
945	832
945	859
945	881
945	885
945	888
945	894
945	896
945	901
945	905
945	924
945	941
945	942
945	944
945	956
945	960
945	962
945	963
945	969
945	970
945	971
945	977
945	978
945	980
945	987
945	988
945	989
945	993
945	994
945	995
945	999
945	1000
946	50
946	68
946	106
946	126
946	141
946	196
946	256
946	326
946	543
946	626
946	633
946	646
946	685
946	703
946	720
946	735
946	741
946	748
946	796
946	856
946	861
946	879
946	897
946	903
946	909
946	929
946	936
946	938
946	940
946	947
946	951
946	952
946	953
946	954
946	956
946	967
946	970
946	974
946	975
946	977
946	979
946	982
946	983
946	988
946	989
946	991
946	992
946	993
947	26
947	77
947	153
947	257
947	260
947	374
947	381
947	519
947	533
947	553
947	603
947	651
947	665
947	701
947	729
947	771
947	806
947	828
947	841
947	853
947	855
947	873
947	885
947	897
947	901
947	906
947	917
947	944
947	946
947	957
947	958
947	962
947	963
947	965
947	967
947	971
947	974
947	977
947	979
947	982
947	984
947	986
947	987
947	988
947	991
947	993
947	994
947	998
947	1000
948	2
948	180
948	184
948	197
948	212
948	234
948	343
948	486
948	489
948	573
948	590
948	626
948	657
948	684
948	695
948	707
948	729
948	730
948	749
948	762
948	790
948	811
948	822
948	827
948	835
948	838
948	859
948	861
948	869
948	871
948	883
948	885
948	892
948	896
948	902
948	903
948	908
948	918
948	919
948	957
948	969
948	970
948	980
948	981
948	983
948	985
948	990
948	993
948	996
948	1000
949	13
949	97
949	153
949	274
949	290
949	315
949	400
949	503
949	553
949	557
949	568
949	612
949	615
949	652
949	665
949	682
949	734
949	758
949	805
949	807
949	809
949	810
949	826
949	830
949	831
949	835
949	840
949	870
949	884
949	888
949	890
949	900
949	913
949	918
949	929
949	950
949	960
949	961
949	962
949	965
949	970
949	971
949	973
949	974
949	975
949	976
949	978
949	982
949	990
949	994
949	999
950	55
950	58
950	143
950	210
950	247
950	286
950	309
950	382
950	397
950	537
950	607
950	619
950	661
950	688
950	751
950	753
950	774
950	776
950	782
950	788
950	791
950	811
950	830
950	831
950	839
950	841
950	879
950	884
950	888
950	889
950	905
950	911
950	912
950	928
950	931
950	935
950	936
950	949
950	955
950	961
950	969
950	970
950	973
950	976
950	977
950	978
950	980
950	981
950	982
950	986
950	987
950	989
950	998
951	31
951	51
951	179
951	261
951	294
951	372
951	435
951	485
951	528
951	602
951	615
951	673
951	687
951	689
951	749
951	773
951	778
951	790
951	812
951	815
951	835
951	846
951	849
951	868
951	887
951	891
951	893
951	911
951	919
951	927
951	929
951	930
951	933
951	938
951	942
951	946
951	958
951	962
951	965
951	966
951	967
951	968
951	969
951	983
951	985
951	986
951	988
951	989
951	990
951	991
951	992
951	996
951	1000
952	24
952	38
952	78
952	87
952	96
952	112
952	187
952	201
952	215
952	354
952	369
952	491
952	627
952	651
952	664
952	704
952	759
952	779
952	781
952	794
952	800
952	812
952	814
952	819
952	820
952	842
952	844
952	845
952	857
952	893
952	895
952	904
952	917
952	920
952	924
952	932
952	940
952	943
952	944
952	946
952	954
952	957
952	958
952	962
952	969
952	970
952	971
952	972
952	975
952	978
952	985
952	988
952	989
952	990
952	991
952	997
953	28
953	117
953	156
953	207
953	227
953	282
953	299
953	374
953	462
953	477
953	488
953	505
953	549
953	601
953	610
953	640
953	702
953	721
953	728
953	763
953	765
953	766
953	783
953	785
953	789
953	819
953	822
953	868
953	890
953	893
953	907
953	923
953	924
953	926
953	935
953	936
953	946
953	955
953	956
953	957
953	959
953	963
953	964
953	965
953	966
953	968
953	974
953	976
953	979
953	980
953	981
953	982
953	983
953	986
953	993
953	997
953	998
954	36
954	95
954	142
954	193
954	289
954	297
954	318
954	324
954	378
954	417
954	511
954	556
954	565
954	578
954	583
954	600
954	605
954	614
954	618
954	666
954	667
954	698
954	708
954	721
954	725
954	771
954	787
954	815
954	840
954	843
954	859
954	866
954	868
954	880
954	916
954	932
954	940
954	942
954	946
954	952
954	963
954	965
954	966
954	968
954	972
954	973
954	975
954	978
954	980
954	981
954	983
954	989
954	990
954	991
954	992
954	996
954	997
954	998
955	89
955	129
955	139
955	220
955	347
955	361
955	386
955	419
955	444
955	464
955	493
955	550
955	558
955	585
955	615
955	696
955	704
955	715
955	722
955	752
955	761
955	791
955	840
955	848
955	849
955	889
955	890
955	893
955	900
955	901
955	909
955	910
955	914
955	916
955	918
955	920
955	923
955	924
955	930
955	933
955	934
955	937
955	940
955	943
955	950
955	953
955	956
955	959
955	962
955	965
955	970
955	971
955	975
955	976
955	984
955	986
955	989
955	1000
956	73
956	113
956	145
956	228
956	232
956	395
956	423
956	485
956	518
956	536
956	561
956	604
956	634
956	700
956	724
956	759
956	787
956	791
956	806
956	814
956	821
956	831
956	848
956	859
956	875
956	893
956	894
956	903
956	907
956	909
956	916
956	919
956	930
956	938
956	939
956	945
956	946
956	953
956	955
956	958
956	959
956	960
956	961
956	970
956	971
956	972
956	975
956	976
956	979
956	980
956	982
956	983
956	984
956	985
956	988
956	990
956	991
956	995
956	998
957	61
957	99
957	102
957	209
957	219
957	248
957	300
957	314
957	405
957	450
957	459
957	490
957	503
957	505
957	506
957	513
957	576
957	595
957	602
957	657
957	671
957	683
957	706
957	713
957	749
957	759
957	766
957	780
957	790
957	809
957	824
957	830
957	872
957	881
957	916
957	920
957	924
957	926
957	928
957	947
957	948
957	952
957	953
957	960
957	962
957	964
957	970
957	975
957	977
957	980
957	981
957	982
957	984
957	986
957	989
957	990
957	992
957	994
957	995
957	996
957	999
958	36
958	51
958	203
958	211
958	327
958	396
958	443
958	491
958	499
958	538
958	547
958	559
958	587
958	613
958	614
958	620
958	642
958	646
958	651
958	663
958	673
958	704
958	711
958	730
958	785
958	798
958	802
958	806
958	813
958	816
958	826
958	833
958	841
958	874
958	875
958	877
958	885
958	900
958	903
958	915
958	929
958	933
958	936
958	938
958	947
958	951
958	952
958	956
958	960
958	968
958	970
958	976
958	981
958	982
958	984
958	987
958	993
958	994
958	995
958	997
958	1000
959	2
959	91
959	207
959	307
959	319
959	338
959	344
959	404
959	461
959	578
959	580
959	583
959	622
959	623
959	660
959	670
959	678
959	695
959	702
959	712
959	736
959	747
959	814
959	817
959	837
959	838
959	849
959	851
959	854
959	864
959	882
959	894
959	895
959	908
959	911
959	912
959	918
959	921
959	923
959	933
959	934
959	936
959	937
959	942
959	953
959	955
959	956
959	962
959	964
959	968
959	970
959	975
959	977
959	979
959	980
959	984
959	987
959	989
959	992
959	996
959	997
960	4
960	9
960	71
960	165
960	264
960	297
960	317
960	328
960	373
960	421
960	475
960	487
960	523
960	562
960	566
960	572
960	575
960	655
960	658
960	711
960	722
960	746
960	773
960	791
960	800
960	818
960	821
960	834
960	849
960	876
960	877
960	903
960	914
960	922
960	924
960	926
960	928
960	932
960	943
960	945
960	949
960	956
960	957
960	958
960	961
960	963
960	964
960	965
960	968
960	978
960	980
960	981
960	983
960	989
960	991
960	994
960	995
960	996
960	997
960	998
960	999
960	1000
961	121
961	124
961	144
961	223
961	244
961	296
961	310
961	422
961	465
961	512
961	616
961	636
961	637
961	663
961	672
961	700
961	722
961	757
961	780
961	796
961	798
961	812
961	820
961	832
961	861
961	881
961	885
961	886
961	889
961	898
961	899
961	909
961	921
961	927
961	928
961	934
961	935
961	937
961	938
961	942
961	949
961	950
961	956
961	960
961	962
961	963
961	968
961	969
961	972
961	973
961	978
961	985
961	986
961	991
961	993
961	994
961	995
961	996
961	997
961	998
961	999
961	1000
962	23
962	78
962	121
962	151
962	340
962	370
962	380
962	427
962	450
962	466
962	473
962	552
962	590
962	597
962	657
962	663
962	705
962	715
962	772
962	782
962	793
962	794
962	818
962	821
962	827
962	855
962	860
962	867
962	884
962	885
962	887
962	921
962	924
962	925
962	926
962	927
962	936
962	940
962	941
962	945
962	947
962	949
962	951
962	952
962	955
962	957
962	959
962	961
962	963
962	964
962	971
962	974
962	978
962	983
962	984
962	987
962	989
962	990
962	992
962	994
962	995
962	997
963	7
963	9
963	38
963	142
963	264
963	372
963	387
963	501
963	509
963	540
963	590
963	594
963	603
963	617
963	634
963	666
963	709
963	710
963	721
963	745
963	760
963	776
963	779
963	795
963	797
963	828
963	834
963	853
963	857
963	858
963	863
963	865
963	872
963	878
963	889
963	917
963	920
963	923
963	926
963	927
963	945
963	947
963	953
963	954
963	960
963	961
963	962
963	965
963	967
963	969
963	970
963	974
963	975
963	976
963	979
963	986
963	987
963	991
963	994
963	995
963	996
963	997
963	998
963	999
964	20
964	74
964	134
964	315
964	334
964	370
964	416
964	463
964	473
964	474
964	501
964	530
964	546
964	583
964	619
964	620
964	626
964	629
964	630
964	713
964	727
964	731
964	748
964	761
964	776
964	784
964	796
964	803
964	813
964	844
964	847
964	862
964	867
964	868
964	883
964	885
964	886
964	890
964	902
964	904
964	915
964	920
964	923
964	925
964	927
964	935
964	940
964	953
964	957
964	959
964	960
964	962
964	965
964	966
964	973
964	976
964	977
964	981
964	982
964	983
964	988
964	989
964	993
964	996
964	997
964	999
964	1000
965	230
965	279
965	295
965	311
965	314
965	326
965	343
965	406
965	411
965	451
965	498
965	536
965	566
965	587
965	592
965	616
965	631
965	648
965	672
965	705
965	710
965	737
965	745
965	753
965	802
965	807
965	808
965	811
965	821
965	833
965	842
965	848
965	852
965	876
965	877
965	888
965	891
965	902
965	905
965	907
965	908
965	916
965	921
965	924
965	942
965	947
965	949
965	951
965	953
965	954
965	955
965	960
965	963
965	964
965	966
965	967
965	969
965	970
965	976
965	979
965	980
965	981
965	982
965	989
965	991
965	992
965	995
965	998
965	999
966	3
966	59
966	91
966	175
966	221
966	241
966	250
966	298
966	305
966	306
966	347
966	364
966	386
966	491
966	494
966	518
966	552
966	589
966	592
966	599
966	673
966	686
966	725
966	753
966	761
966	767
966	772
966	779
966	814
966	817
966	836
966	861
966	862
966	866
966	878
966	880
966	884
966	885
966	889
966	891
966	894
966	897
966	898
966	899
966	903
966	921
966	922
966	926
966	937
966	951
966	953
966	954
966	964
966	965
966	967
966	968
966	972
966	973
966	975
966	976
966	979
966	981
966	984
966	985
966	989
966	992
966	995
966	996
966	997
967	21
967	66
967	90
967	107
967	160
967	175
967	209
967	215
967	222
967	245
967	293
967	335
967	364
967	379
967	447
967	455
967	476
967	484
967	487
967	524
967	541
967	556
967	562
967	614
967	621
967	628
967	630
967	641
967	642
967	646
967	660
967	665
967	744
967	748
967	764
967	767
967	777
967	814
967	826
967	829
967	839
967	841
967	851
967	855
967	869
967	876
967	886
967	897
967	899
967	906
967	910
967	914
967	920
967	927
967	930
967	939
967	940
967	942
967	943
967	946
967	947
967	951
967	963
967	965
967	966
967	971
967	972
967	977
967	980
967	989
967	993
967	996
967	998
967	999
967	1000
968	56
968	137
968	287
968	351
968	411
968	460
968	497
968	504
968	522
968	570
968	577
968	591
968	594
968	608
968	609
968	625
968	667
968	677
968	690
968	693
968	708
968	724
968	729
968	733
968	758
968	765
968	770
968	771
968	772
968	773
968	782
968	786
968	796
968	800
968	808
968	813
968	820
968	823
968	828
968	830
968	843
968	851
968	865
968	866
968	876
968	877
968	898
968	900
968	902
968	910
968	912
968	921
968	923
968	925
968	927
968	928
968	931
968	943
968	951
968	953
968	954
968	958
968	959
968	960
968	961
968	966
968	974
968	975
968	976
968	978
968	981
968	983
968	985
968	991
968	997
968	999
968	1000
969	8
969	13
969	15
969	85
969	127
969	137
969	167
969	203
969	240
969	249
969	273
969	298
969	299
969	316
969	324
969	363
969	397
969	406
969	426
969	434
969	438
969	441
969	466
969	478
969	482
969	543
969	587
969	598
969	640
969	644
969	675
969	679
969	691
969	699
969	744
969	760
969	762
969	773
969	804
969	817
969	820
969	836
969	852
969	853
969	860
969	868
969	884
969	885
969	887
969	898
969	901
969	913
969	919
969	922
969	928
969	929
969	935
969	938
969	945
969	948
969	950
969	951
969	952
969	961
969	963
969	965
969	970
969	971
969	972
969	974
969	975
969	978
969	984
969	991
969	992
969	994
969	995
970	19
970	25
970	62
970	113
970	125
970	157
970	162
970	177
970	206
970	207
970	376
970	401
970	453
970	515
970	521
970	562
970	588
970	605
970	608
970	623
970	649
970	696
970	705
970	716
970	717
970	718
970	730
970	739
970	756
970	758
970	782
970	800
970	816
970	820
970	837
970	840
970	844
970	863
970	865
970	881
970	911
970	912
970	915
970	920
970	921
970	926
970	928
970	933
970	935
970	936
970	938
970	944
970	945
970	946
970	948
970	949
970	950
970	952
970	955
970	956
970	957
970	958
970	959
970	963
970	965
970	969
970	971
970	972
970	974
970	975
970	977
970	978
970	979
970	981
970	984
970	988
970	997
970	1000
971	86
971	111
971	168
971	240
971	257
971	267
971	337
971	342
971	404
971	414
971	471
971	482
971	516
971	526
971	540
971	560
971	579
971	590
971	614
971	624
971	627
971	657
971	681
971	707
971	730
971	735
971	741
971	743
971	756
971	788
971	789
971	796
971	804
971	805
971	806
971	825
971	829
971	856
971	858
971	864
971	875
971	876
971	882
971	893
971	903
971	907
971	910
971	912
971	916
971	925
971	929
971	939
971	942
971	945
971	947
971	949
971	952
971	955
971	956
971	962
971	967
971	969
971	970
971	972
971	977
971	979
971	980
971	981
971	982
971	983
971	986
971	988
971	990
971	991
971	992
971	994
971	996
971	1000
972	1
972	21
972	49
972	166
972	217
972	219
972	236
972	258
972	278
972	303
972	311
972	320
972	336
972	338
972	361
972	375
972	403
972	409
972	430
972	462
972	525
972	546
972	559
972	571
972	575
972	579
972	684
972	686
972	709
972	724
972	735
972	740
972	744
972	746
972	750
972	751
972	761
972	763
972	787
972	788
972	794
972	806
972	807
972	809
972	819
972	827
972	846
972	847
972	852
972	856
972	859
972	861
972	884
972	902
972	903
972	904
972	905
972	911
972	916
972	923
972	924
972	926
972	933
972	936
972	942
972	952
972	954
972	956
972	961
972	966
972	967
972	969
972	970
972	971
972	975
972	981
972	982
972	984
972	986
972	989
972	991
972	992
972	994
972	996
972	998
972	999
973	22
973	43
973	90
973	119
973	169
973	185
973	190
973	192
973	241
973	287
973	323
973	328
973	433
973	457
973	460
973	461
973	481
973	495
973	524
973	534
973	554
973	558
973	560
973	561
973	569
973	591
973	601
973	624
973	639
973	641
973	651
973	673
973	706
973	719
973	731
973	755
973	757
973	773
973	781
973	790
973	805
973	817
973	831
973	838
973	841
973	846
973	850
973	858
973	861
973	862
973	863
973	864
973	875
973	879
973	880
973	896
973	899
973	900
973	901
973	902
973	908
973	916
973	917
973	918
973	926
973	928
973	929
973	930
973	931
973	932
973	933
973	940
973	942
973	949
973	950
973	954
973	961
973	964
973	966
973	977
973	979
973	983
973	984
973	985
973	987
973	991
973	994
974	53
974	67
974	88
974	94
974	183
974	226
974	254
974	269
974	302
974	339
974	422
974	427
974	461
974	464
974	469
974	499
974	502
974	504
974	519
974	532
974	560
974	573
974	588
974	629
974	641
974	642
974	650
974	686
974	712
974	743
974	769
974	778
974	797
974	808
974	817
974	834
974	855
974	857
974	862
974	865
974	870
974	872
974	875
974	883
974	884
974	886
974	887
974	890
974	893
974	895
974	899
974	905
974	906
974	910
974	913
974	914
974	918
974	923
974	928
974	936
974	937
974	940
974	941
974	942
974	944
974	946
974	947
974	949
974	953
974	962
974	963
974	968
974	969
974	970
974	977
974	978
974	979
974	980
974	981
974	983
974	984
974	988
974	989
974	991
974	993
974	996
974	999
975	64
975	86
975	253
975	259
975	272
975	280
975	320
975	408
975	412
975	436
975	449
975	456
975	467
975	468
975	476
975	489
975	496
975	497
975	550
975	564
975	569
975	591
975	612
975	627
975	648
975	649
975	651
975	653
975	656
975	662
975	669
975	685
975	688
975	693
975	701
975	728
975	731
975	744
975	745
975	747
975	773
975	788
975	796
975	798
975	817
975	826
975	839
975	858
975	861
975	867
975	871
975	882
975	885
975	887
975	888
975	894
975	900
975	911
975	915
975	919
975	924
975	927
975	928
975	938
975	939
975	942
975	946
975	949
975	952
975	954
975	955
975	956
975	957
975	959
975	963
975	966
975	968
975	969
975	970
975	972
975	976
975	980
975	982
975	983
975	990
975	992
975	993
975	997
975	999
976	60
976	97
976	123
976	159
976	195
976	288
976	291
976	331
976	332
976	379
976	387
976	431
976	441
976	443
976	467
976	487
976	503
976	521
976	562
976	563
976	566
976	579
976	631
976	632
976	635
976	640
976	654
976	662
976	678
976	694
976	697
976	710
976	711
976	712
976	729
976	733
976	777
976	782
976	785
976	789
976	795
976	811
976	816
976	818
976	821
976	829
976	832
976	834
976	835
976	848
976	858
976	866
976	874
976	875
976	892
976	895
976	897
976	908
976	917
976	925
976	929
976	930
976	933
976	935
976	936
976	937
976	939
976	943
976	949
976	950
976	953
976	955
976	956
976	958
976	963
976	964
976	965
976	966
976	968
976	975
976	978
976	979
976	980
976	981
976	982
976	985
976	987
976	989
976	991
976	994
976	999
977	82
977	85
977	115
977	148
977	173
977	196
977	202
977	212
977	229
977	256
977	263
977	297
977	304
977	305
977	329
977	375
977	394
977	433
977	434
977	457
977	469
977	470
977	474
977	480
977	484
977	485
977	498
977	501
977	504
977	511
977	514
977	527
977	539
977	541
977	580
977	581
977	625
977	644
977	662
977	691
977	720
977	723
977	738
977	744
977	760
977	778
977	779
977	786
977	789
977	795
977	797
977	798
977	804
977	806
977	810
977	825
977	829
977	851
977	852
977	853
977	862
977	884
977	897
977	903
977	909
977	910
977	915
977	917
977	918
977	919
977	922
977	925
977	927
977	929
977	930
977	932
977	939
977	941
977	945
977	946
977	947
977	950
977	957
977	959
977	964
977	967
977	970
977	971
977	973
977	974
977	981
977	983
977	986
977	990
977	993
977	994
977	996
977	997
978	13
978	17
978	29
978	60
978	63
978	70
978	85
978	143
978	190
978	210
978	216
978	217
978	254
978	307
978	314
978	316
978	332
978	340
978	371
978	378
978	386
978	410
978	440
978	444
978	449
978	455
978	527
978	544
978	547
978	558
978	567
978	579
978	619
978	628
978	632
978	650
978	662
978	668
978	676
978	681
978	690
978	705
978	709
978	714
978	717
978	722
978	735
978	738
978	742
978	745
978	752
978	754
978	761
978	767
978	792
978	797
978	798
978	817
978	822
978	828
978	830
978	837
978	861
978	865
978	875
978	880
978	881
978	902
978	911
978	913
978	916
978	917
978	920
978	921
978	922
978	928
978	929
978	941
978	945
978	949
978	950
978	952
978	954
978	960
978	961
978	962
978	968
978	969
978	970
978	974
978	976
978	981
978	982
978	985
978	988
978	989
978	990
978	993
978	995
978	997
979	4
979	5
979	26
979	29
979	41
979	52
979	65
979	73
979	75
979	77
979	158
979	163
979	187
979	196
979	225
979	269
979	285
979	294
979	308
979	332
979	333
979	337
979	394
979	405
979	440
979	452
979	468
979	486
979	554
979	586
979	587
979	629
979	631
979	632
979	645
979	661
979	683
979	684
979	723
979	732
979	760
979	769
979	770
979	773
979	775
979	784
979	795
979	799
979	811
979	813
979	816
979	818
979	828
979	836
979	839
979	857
979	868
979	869
979	872
979	875
979	878
979	886
979	887
979	890
979	903
979	908
979	915
979	919
979	921
979	926
979	927
979	928
979	937
979	941
979	942
979	944
979	946
979	947
979	953
979	956
979	959
979	963
979	965
979	966
979	970
979	971
979	973
979	974
979	976
979	980
979	982
979	983
979	985
979	986
979	988
979	989
979	990
979	993
979	996
979	997
979	1000
980	32
980	103
980	149
980	255
980	312
980	313
980	318
980	344
980	365
980	395
980	399
980	416
980	417
980	446
980	455
980	463
980	479
980	493
980	498
980	513
980	539
980	557
980	565
980	568
980	579
980	605
980	631
980	639
980	653
980	671
980	676
980	679
980	689
980	694
980	708
980	710
980	720
980	729
980	734
980	741
980	750
980	758
980	765
980	767
980	772
980	778
980	785
980	789
980	792
980	798
980	803
980	806
980	812
980	814
980	838
980	845
980	852
980	853
980	855
980	864
980	869
980	884
980	892
980	895
980	898
980	900
980	903
980	906
980	910
980	912
980	921
980	922
980	931
980	935
980	942
980	945
980	948
980	950
980	953
980	954
980	956
980	957
980	959
980	960
980	965
980	967
980	971
980	974
980	975
980	976
980	979
980	982
980	985
980	986
980	987
980	990
980	992
980	993
980	994
980	997
980	998
980	999
981	32
981	52
981	108
981	118
981	121
981	122
981	147
981	149
981	163
981	249
981	300
981	329
981	348
981	362
981	367
981	378
981	398
981	404
981	411
981	413
981	440
981	442
981	473
981	477
981	482
981	508
981	547
981	555
981	575
981	588
981	603
981	605
981	624
981	633
981	648
981	658
981	667
981	696
981	698
981	700
981	711
981	713
981	753
981	756
981	758
981	767
981	781
981	807
981	814
981	824
981	837
981	845
981	850
981	853
981	865
981	880
981	882
981	887
981	894
981	895
981	897
981	904
981	907
981	909
981	913
981	914
981	917
981	918
981	919
981	926
981	930
981	931
981	939
981	948
981	950
981	953
981	954
981	957
981	958
981	960
981	964
981	965
981	966
981	968
981	970
981	971
981	972
981	974
981	976
981	977
981	978
981	982
981	983
981	986
981	989
981	990
981	991
981	992
981	993
981	994
981	995
981	999
981	1000
982	7
982	37
982	42
982	46
982	54
982	61
982	97
982	131
982	189
982	236
982	243
982	249
982	254
982	274
982	277
982	278
982	290
982	299
982	301
982	311
982	343
982	360
982	371
982	431
982	485
982	506
982	516
982	522
982	528
982	560
982	564
982	570
982	582
982	614
982	625
982	657
982	661
982	684
982	693
982	710
982	719
982	732
982	741
982	774
982	782
982	783
982	808
982	813
982	816
982	818
982	824
982	839
982	863
982	875
982	882
982	885
982	886
982	893
982	895
982	896
982	899
982	904
982	905
982	908
982	910
982	912
982	913
982	917
982	920
982	921
982	925
982	929
982	931
982	936
982	937
982	939
982	943
982	946
982	947
982	949
982	950
982	953
982	956
982	957
982	958
982	964
982	965
982	971
982	972
982	975
982	976
982	978
982	979
982	980
982	981
982	983
982	984
982	986
982	987
982	992
982	993
982	998
982	999
982	1000
983	3
983	23
983	41
983	51
983	83
983	95
983	147
983	177
983	185
983	218
983	235
983	262
983	272
983	281
983	302
983	315
983	343
983	351
983	367
983	381
983	389
983	398
983	415
983	428
983	443
983	445
983	517
983	539
983	553
983	561
983	583
983	613
983	617
983	659
983	668
983	685
983	709
983	711
983	713
983	716
983	717
983	718
983	719
983	727
983	739
983	747
983	751
983	756
983	760
983	765
983	775
983	787
983	789
983	793
983	797
983	798
983	800
983	805
983	829
983	835
983	838
983	840
983	845
983	846
983	861
983	867
983	876
983	894
983	906
983	910
983	911
983	914
983	925
983	931
983	940
983	942
983	943
983	944
983	946
983	948
983	951
983	953
983	954
983	956
983	960
983	962
983	964
983	968
983	971
983	973
983	974
983	975
983	977
983	979
983	981
983	982
983	984
983	989
983	992
983	993
983	995
983	996
983	998
983	1000
984	6
984	7
984	14
984	38
984	69
984	116
984	120
984	135
984	139
984	179
984	189
984	199
984	224
984	225
984	252
984	275
984	293
984	307
984	336
984	349
984	356
984	380
984	386
984	388
984	390
984	407
984	444
984	446
984	455
984	471
984	532
984	538
984	543
984	544
984	547
984	595
984	600
984	616
984	618
984	628
984	630
984	639
984	641
984	651
984	662
984	674
984	675
984	688
984	701
984	706
984	722
984	734
984	736
984	744
984	752
984	791
984	800
984	801
984	808
984	815
984	822
984	823
984	825
984	829
984	832
984	839
984	841
984	848
984	850
984	854
984	860
984	872
984	876
984	877
984	882
984	889
984	890
984	897
984	908
984	914
984	923
984	930
984	934
984	936
984	941
984	947
984	955
984	956
984	957
984	958
984	959
984	962
984	966
984	969
984	970
984	972
984	973
984	974
984	982
984	983
984	986
984	987
984	992
984	995
984	998
984	999
985	14
985	36
985	46
985	59
985	94
985	107
985	126
985	127
985	132
985	144
985	168
985	191
985	198
985	265
985	291
985	342
985	357
985	358
985	372
985	400
985	404
985	438
985	447
985	497
985	500
985	502
985	515
985	554
985	581
985	584
985	591
985	596
985	597
985	599
985	604
985	607
985	612
985	618
985	620
985	630
985	650
985	654
985	658
985	670
985	680
985	689
985	713
985	722
985	727
985	731
985	739
985	743
985	757
985	780
985	799
985	803
985	808
985	815
985	818
985	821
985	824
985	826
985	832
985	843
985	845
985	846
985	851
985	870
985	877
985	878
985	881
985	887
985	889
985	894
985	896
985	897
985	900
985	906
985	908
985	914
985	915
985	917
985	918
985	927
985	930
985	934
985	935
985	937
985	938
985	939
985	942
985	943
985	944
985	948
985	951
985	952
985	956
985	961
985	966
985	968
985	973
985	976
985	978
985	979
985	980
985	993
985	995
985	996
985	997
986	1
986	15
986	16
986	27
986	30
986	45
986	49
986	50
986	109
986	116
986	122
986	128
986	133
986	146
986	154
986	171
986	182
986	191
986	192
986	200
986	271
986	281
986	290
986	306
986	308
986	325
986	329
986	333
986	363
986	368
986	391
986	401
986	453
986	454
986	465
986	468
986	535
986	576
986	577
986	601
986	622
986	625
986	636
986	640
986	654
986	656
986	669
986	675
986	680
986	694
986	700
986	714
986	726
986	764
986	783
986	803
986	804
986	807
986	809
986	817
986	845
986	849
986	850
986	853
986	867
986	871
986	874
986	875
986	882
986	884
986	888
986	892
986	894
986	896
986	899
986	903
986	905
986	909
986	912
986	918
986	923
986	924
986	927
986	931
986	933
986	935
986	937
986	939
986	941
986	942
986	947
986	950
986	951
986	953
986	955
986	957
986	961
986	963
986	971
986	972
986	977
986	979
986	980
986	981
986	982
986	984
986	990
986	991
986	992
986	995
986	996
986	997
986	999
987	43
987	65
987	98
987	103
987	115
987	124
987	140
987	150
987	211
987	212
987	287
987	294
987	301
987	305
987	313
987	318
987	321
987	361
987	389
987	391
987	393
987	405
987	416
987	427
987	430
987	432
987	441
987	453
987	464
987	476
987	479
987	481
987	497
987	542
987	575
987	589
987	590
987	595
987	600
987	611
987	613
987	616
987	639
987	649
987	661
987	701
987	716
987	719
987	722
987	726
987	742
987	749
987	752
987	754
987	797
987	801
987	802
987	806
987	810
987	812
987	840
987	846
987	851
987	854
987	856
987	857
987	858
987	869
987	872
987	876
987	878
987	879
987	882
987	885
987	887
987	890
987	895
987	897
987	898
987	911
987	913
987	914
987	918
987	921
987	922
987	924
987	928
987	930
987	931
987	933
987	934
987	938
987	944
987	945
987	947
987	950
987	958
987	959
987	962
987	963
987	973
987	976
987	980
987	982
987	984
987	988
987	989
987	990
987	991
987	992
987	993
987	994
987	995
987	996
987	998
987	999
988	39
988	79
988	80
988	109
988	119
988	136
988	176
988	226
988	240
988	276
988	318
988	324
988	334
988	346
988	349
988	357
988	370
988	377
988	415
988	419
988	421
988	422
988	424
988	425
988	428
988	470
988	478
988	493
988	505
988	510
988	526
988	534
988	541
988	556
988	557
988	579
988	591
988	628
988	630
988	632
988	634
988	641
988	658
988	666
988	674
988	696
988	700
988	709
988	723
988	733
988	740
988	746
988	750
988	760
988	763
988	769
988	777
988	801
988	810
988	812
988	813
988	815
988	822
988	823
988	828
988	829
988	839
988	844
988	861
988	862
988	879
988	880
988	885
988	893
988	894
988	895
988	896
988	897
988	900
988	901
988	902
988	906
988	908
988	912
988	914
988	916
988	920
988	921
988	926
988	927
988	928
988	930
988	931
988	932
988	940
988	942
988	944
988	945
988	946
988	947
988	951
988	952
988	956
988	964
988	970
988	971
988	974
988	978
988	979
988	987
988	991
988	992
988	993
988	994
988	996
988	1000
989	33
989	88
989	100
989	123
989	136
989	143
989	221
989	227
989	238
989	265
989	266
989	268
989	277
989	279
989	285
989	302
989	311
989	319
989	346
989	353
989	356
989	368
989	405
989	407
989	416
989	422
989	430
989	441
989	472
989	490
989	499
989	529
989	538
989	542
989	578
989	585
989	589
989	597
989	599
989	608
989	609
989	616
989	622
989	629
989	630
989	660
989	671
989	678
989	682
989	700
989	709
989	716
989	726
989	727
989	732
989	752
989	754
989	757
989	758
989	762
989	767
989	791
989	792
989	796
989	798
989	810
989	817
989	824
989	833
989	839
989	840
989	841
989	855
989	868
989	870
989	879
989	882
989	884
989	901
989	908
989	911
989	914
989	916
989	918
989	919
989	920
989	921
989	923
989	927
989	928
989	939
989	943
989	945
989	946
989	950
989	951
989	952
989	954
989	955
989	957
989	959
989	960
989	962
989	964
989	965
989	966
989	967
989	972
989	974
989	976
989	978
989	979
989	981
989	983
989	987
989	994
989	997
989	998
990	12
990	32
990	40
990	64
990	76
990	79
990	84
990	100
990	105
990	130
990	134
990	146
990	156
990	161
990	188
990	287
990	323
990	325
990	330
990	334
990	350
990	352
990	353
990	402
990	412
990	415
990	437
990	472
990	476
990	494
990	504
990	506
990	510
990	518
990	523
990	532
990	534
990	545
990	577
990	594
990	633
990	661
990	670
990	678
990	692
990	693
990	704
990	716
990	718
990	732
990	740
990	756
990	758
990	759
990	765
990	768
990	774
990	777
990	781
990	785
990	788
990	809
990	820
990	821
990	823
990	834
990	837
990	845
990	853
990	862
990	867
990	869
990	871
990	878
990	879
990	880
990	891
990	893
990	898
990	900
990	903
990	906
990	907
990	908
990	912
990	913
990	916
990	917
990	920
990	925
990	926
990	927
990	934
990	939
990	940
990	941
990	948
990	949
990	951
990	952
990	954
990	956
990	957
990	962
990	971
990	975
990	977
990	978
990	979
990	980
990	981
990	986
990	987
990	991
990	994
990	998
990	999
990	1000
991	10
991	35
991	65
991	81
991	112
991	150
991	155
991	166
991	183
991	193
991	198
991	239
991	246
991	255
991	264
991	266
991	283
991	295
991	300
991	319
991	381
991	385
991	390
991	394
991	402
991	417
991	429
991	435
991	436
991	458
991	473
991	503
991	517
991	523
991	524
991	525
991	528
991	531
991	544
991	554
991	575
991	585
991	592
991	599
991	610
991	611
991	631
991	643
991	647
991	655
991	659
991	668
991	670
991	689
991	711
991	714
991	728
991	736
991	739
991	765
991	766
991	768
991	771
991	786
991	799
991	807
991	808
991	811
991	818
991	831
991	838
991	841
991	842
991	843
991	846
991	850
991	854
991	870
991	871
991	873
991	880
991	883
991	884
991	887
991	893
991	894
991	897
991	903
991	907
991	909
991	913
991	914
991	916
991	918
991	922
991	924
991	925
991	926
991	934
991	936
991	939
991	940
991	944
991	946
991	947
991	951
991	952
991	954
991	956
991	960
991	961
991	963
991	965
991	968
991	969
991	971
991	972
991	973
991	974
991	976
991	981
991	986
991	987
991	988
991	990
991	993
991	996
991	999
991	1000
992	18
992	21
992	22
992	23
992	45
992	47
992	62
992	68
992	70
992	75
992	101
992	104
992	125
992	154
992	182
992	186
992	194
992	206
992	217
992	247
992	256
992	269
992	286
992	296
992	329
992	331
992	348
992	384
992	424
992	426
992	427
992	445
992	446
992	448
992	461
992	463
992	467
992	475
992	483
992	487
992	488
992	503
992	507
992	567
992	577
992	584
992	595
992	598
992	611
992	612
992	618
992	621
992	628
992	629
992	637
992	662
992	667
992	668
992	681
992	682
992	691
992	701
992	702
992	703
992	721
992	724
992	725
992	734
992	752
992	763
992	770
992	775
992	781
992	784
992	787
992	788
992	791
992	797
992	804
992	819
992	820
992	823
992	830
992	836
992	858
992	863
992	866
992	869
992	871
992	872
992	873
992	875
992	879
992	883
992	887
992	888
992	895
992	904
992	911
992	913
992	915
992	916
992	922
992	925
992	929
992	931
992	934
992	937
992	938
992	940
992	941
992	944
992	946
992	951
992	954
992	957
992	959
992	962
992	965
992	966
992	969
992	971
992	972
992	975
992	980
992	981
992	982
992	983
992	984
992	986
992	987
992	988
992	993
992	994
992	997
993	15
993	27
993	42
993	44
993	45
993	48
993	50
993	68
993	82
993	111
993	141
993	142
993	152
993	176
993	178
993	193
993	210
993	220
993	223
993	267
993	313
993	321
993	330
993	333
993	341
993	357
993	377
993	385
993	398
993	407
993	423
993	429
993	438
993	442
993	449
993	459
993	463
993	478
993	499
993	501
993	507
993	509
993	536
993	553
993	574
993	578
993	580
993	588
993	593
993	614
993	615
993	623
993	635
993	637
993	640
993	653
993	658
993	664
993	666
993	669
993	677
993	680
993	704
993	713
993	724
993	729
993	740
993	744
993	750
993	751
993	766
993	777
993	789
993	811
993	814
993	815
993	826
993	834
993	835
993	837
993	838
993	850
993	851
993	860
993	862
993	863
993	864
993	867
993	871
993	874
993	876
993	877
993	878
993	879
993	880
993	882
993	883
993	884
993	885
993	887
993	890
993	892
993	893
993	894
993	895
993	899
993	903
993	905
993	906
993	907
993	913
993	921
993	929
993	930
993	942
993	945
993	946
993	947
993	948
993	953
993	958
993	961
993	964
993	967
993	974
993	975
993	977
993	978
993	979
993	980
993	981
993	982
993	983
993	985
993	987
993	988
993	991
993	992
993	994
993	999
994	6
994	8
994	10
994	29
994	30
994	35
994	39
994	40
994	52
994	54
994	98
994	112
994	191
994	194
994	202
994	220
994	233
994	234
994	281
994	283
994	284
994	302
994	303
994	331
994	345
994	360
994	388
994	390
994	395
994	397
994	413
994	439
994	443
994	452
994	477
994	484
994	496
994	509
994	519
994	524
994	532
994	536
994	546
994	548
994	586
994	593
994	595
994	605
994	611
994	619
994	636
994	645
994	650
994	656
994	688
994	695
994	696
994	698
994	705
994	736
994	741
994	743
994	747
994	748
994	760
994	770
994	772
994	777
994	792
994	794
994	799
994	803
994	809
994	815
994	820
994	825
994	832
994	833
994	836
994	846
994	847
994	849
994	860
994	861
994	870
994	873
994	874
994	876
994	877
994	878
994	883
994	885
994	890
994	894
994	895
994	898
994	902
994	905
994	906
994	907
994	910
994	915
994	917
994	922
994	924
994	925
994	926
994	928
994	929
994	930
994	934
994	937
994	938
994	940
994	942
994	944
994	945
994	947
994	949
994	957
994	958
994	960
994	961
994	962
994	963
994	969
994	971
994	972
994	973
994	976
994	977
994	980
994	981
994	987
994	988
994	989
994	990
994	992
994	993
994	999
994	1000
995	2
995	5
995	37
995	53
995	77
995	108
995	110
995	131
995	134
995	167
995	173
995	186
995	188
995	199
995	222
995	230
995	239
995	246
995	251
995	273
995	316
995	322
995	327
995	330
995	332
995	340
995	358
995	360
995	363
995	371
995	387
995	391
995	410
995	414
995	430
995	436
995	437
995	454
995	477
995	483
995	488
995	492
995	493
995	500
995	511
995	514
995	520
995	521
995	540
995	547
995	562
995	564
995	572
995	580
995	596
995	609
995	613
995	618
995	622
995	623
995	636
995	646
995	649
995	658
995	665
995	668
995	670
995	673
995	680
995	683
995	688
995	690
995	695
995	706
995	715
995	719
995	726
995	729
995	730
995	737
995	739
995	749
995	750
995	753
995	754
995	755
995	775
995	776
995	780
995	787
995	790
995	792
995	793
995	801
995	806
995	810
995	829
995	834
995	837
995	838
995	842
995	851
995	860
995	862
995	864
995	866
995	869
995	872
995	873
995	876
995	877
995	881
995	885
995	887
995	895
995	901
995	904
995	905
995	915
995	920
995	924
995	927
995	930
995	933
995	937
995	941
995	943
995	945
995	956
995	957
995	958
995	960
995	961
995	962
995	963
995	965
995	966
995	969
995	978
995	981
995	983
995	984
995	985
995	986
995	987
995	996
995	998
995	999
996	16
996	25
996	26
996	28
996	54
996	58
996	90
996	117
996	124
996	145
996	148
996	206
996	213
996	216
996	231
996	232
996	289
996	295
996	310
996	315
996	327
996	333
996	335
996	350
996	353
996	372
996	373
996	383
996	384
996	385
996	402
996	403
996	410
996	417
996	424
996	428
996	432
996	434
996	436
996	454
996	456
996	457
996	462
996	466
996	469
996	470
996	483
996	489
996	491
996	492
996	499
996	513
996	521
996	537
996	546
996	550
996	585
996	603
996	604
996	608
996	612
996	644
996	650
996	655
996	664
996	676
996	685
996	686
996	687
996	701
996	703
996	712
996	715
996	743
996	760
996	763
996	764
996	770
996	783
996	784
996	786
996	794
996	797
996	800
996	805
996	818
996	819
996	820
996	829
996	839
996	840
996	845
996	852
996	853
996	857
996	859
996	863
996	864
996	867
996	873
996	880
996	883
996	884
996	885
996	887
996	888
996	889
996	890
996	899
996	904
996	906
996	912
996	913
996	915
996	919
996	922
996	925
996	926
996	931
996	932
996	934
996	937
996	939
996	942
996	944
996	948
996	951
996	954
996	957
996	959
996	960
996	961
996	963
996	964
996	966
996	967
996	971
996	972
996	974
996	977
996	979
996	983
996	985
996	986
996	987
996	988
996	991
996	995
996	999
996	1000
997	1
997	8
997	30
997	72
997	80
997	81
997	86
997	104
997	105
997	110
997	114
997	117
997	129
997	138
997	145
997	155
997	192
997	198
997	200
997	218
997	237
997	239
997	262
997	275
997	288
997	289
997	293
997	299
997	319
997	342
997	362
997	365
997	375
997	377
997	383
997	384
997	401
997	403
997	407
997	419
997	440
997	442
997	445
997	448
997	462
997	478
997	482
997	484
997	520
997	525
997	527
997	529
997	530
997	533
997	539
997	542
997	549
997	554
997	555
997	570
997	580
997	581
997	582
997	583
997	588
997	593
997	596
997	621
997	639
997	644
997	654
997	660
997	669
997	676
997	677
997	679
997	680
997	681
997	691
997	692
997	700
997	732
997	735
997	737
997	754
997	755
997	764
997	766
997	773
997	775
997	779
997	789
997	790
997	797
997	806
997	811
997	812
997	814
997	815
997	820
997	823
997	830
997	832
997	842
997	843
997	844
997	846
997	850
997	854
997	857
997	858
997	859
997	864
997	881
997	883
997	885
997	890
997	891
997	895
997	899
997	900
997	902
997	905
997	910
997	911
997	912
997	914
997	920
997	928
997	931
997	939
997	941
997	952
997	953
997	954
997	958
997	959
997	960
997	961
997	962
997	963
997	964
997	966
997	968
997	970
997	975
997	977
997	978
997	979
997	980
997	985
997	986
997	989
997	992
998	19
998	31
998	34
998	55
998	62
998	67
998	69
998	74
998	81
998	84
998	92
998	105
998	107
998	130
998	133
998	136
998	151
998	171
998	172
998	187
998	188
998	190
998	219
998	233
998	236
998	242
998	258
998	278
998	285
998	286
998	291
998	296
998	306
998	309
998	312
998	316
998	325
998	344
998	354
998	359
998	362
998	374
998	396
998	400
998	410
998	425
998	429
998	437
998	442
998	447
998	464
998	470
998	480
998	486
998	494
998	510
998	516
998	520
998	541
998	545
998	548
998	552
998	555
998	573
998	582
998	586
998	616
998	632
998	637
998	645
998	659
998	669
998	673
998	683
998	694
998	704
998	705
998	706
998	711
998	715
998	718
998	731
998	735
998	738
998	755
998	757
998	758
998	765
998	768
998	771
998	783
998	791
998	795
998	800
998	814
998	818
998	822
998	824
998	827
998	828
998	829
998	831
998	836
998	845
998	846
998	851
998	853
998	855
998	856
998	857
998	858
998	860
998	862
998	867
998	868
998	874
998	881
998	890
998	891
998	892
998	893
998	898
998	899
998	905
998	908
998	909
998	911
998	913
998	915
998	918
998	919
998	920
998	922
998	923
998	924
998	930
998	932
998	934
998	935
998	936
998	939
998	943
998	944
998	947
998	950
998	953
998	954
998	956
998	960
998	961
998	963
998	965
998	967
998	972
998	980
998	982
998	983
998	984
998	987
998	989
998	990
998	995
999	41
999	46
999	67
999	80
999	91
999	93
999	123
999	125
999	130
999	152
999	170
999	213
999	235
999	241
999	242
999	244
999	255
999	268
999	281
999	304
999	312
999	317
999	322
999	334
999	337
999	341
999	352
999	364
999	369
999	382
999	392
999	393
999	394
999	414
999	418
999	420
999	425
999	439
999	451
999	467
999	476
999	489
999	520
999	523
999	526
999	530
999	541
999	545
999	553
999	558
999	559
999	563
999	571
999	573
999	576
999	582
999	593
999	607
999	624
999	631
999	633
999	645
999	646
999	650
999	652
999	661
999	663
999	665
999	671
999	678
999	679
999	687
999	693
999	694
999	714
999	717
999	725
999	743
999	744
999	758
999	760
999	765
999	770
999	776
999	779
999	781
999	783
999	796
999	797
999	798
999	817
999	821
999	822
999	824
999	827
999	828
999	832
999	838
999	840
999	844
999	845
999	847
999	848
999	851
999	854
999	857
999	859
999	860
999	870
999	874
999	875
999	878
999	879
999	882
999	883
999	886
999	888
999	889
999	891
999	892
999	893
999	895
999	896
999	900
999	902
999	905
999	907
999	911
999	913
999	914
999	915
999	916
999	919
999	921
999	926
999	936
999	937
999	940
999	943
999	944
999	945
999	949
999	957
999	960
999	961
999	963
999	964
999	965
999	967
999	968
999	972
999	974
999	975
999	976
999	980
999	981
999	982
999	984
999	986
999	987
999	990
999	991
999	993
999	994
999	995
999	996
1000	3
1000	9
1000	12
1000	28
1000	33
1000	35
1000	55
1000	58
1000	71
1000	87
1000	103
1000	114
1000	128
1000	135
1000	137
1000	140
1000	164
1000	170
1000	181
1000	182
1000	184
1000	195
1000	204
1000	229
1000	234
1000	235
1000	245
1000	259
1000	266
1000	271
1000	280
1000	282
1000	284
1000	286
1000	292
1000	294
1000	303
1000	314
1000	317
1000	328
1000	336
1000	341
1000	345
1000	349
1000	355
1000	359
1000	396
1000	415
1000	428
1000	438
1000	446
1000	448
1000	451
1000	472
1000	474
1000	483
1000	484
1000	489
1000	491
1000	492
1000	512
1000	524
1000	526
1000	528
1000	529
1000	531
1000	539
1000	563
1000	564
1000	581
1000	584
1000	586
1000	604
1000	625
1000	630
1000	639
1000	652
1000	656
1000	664
1000	670
1000	675
1000	678
1000	683
1000	691
1000	692
1000	703
1000	710
1000	721
1000	732
1000	734
1000	735
1000	736
1000	737
1000	741
1000	742
1000	751
1000	753
1000	754
1000	759
1000	761
1000	764
1000	771
1000	794
1000	796
1000	803
1000	815
1000	820
1000	821
1000	824
1000	826
1000	827
1000	833
1000	835
1000	837
1000	842
1000	843
1000	846
1000	847
1000	851
1000	853
1000	863
1000	864
1000	866
1000	870
1000	871
1000	881
1000	883
1000	890
1000	892
1000	900
1000	904
1000	908
1000	911
1000	916
1000	919
1000	925
1000	926
1000	927
1000	928
1000	929
1000	930
1000	932
1000	933
1000	936
1000	941
1000	943
1000	945
1000	947
1000	948
1000	951
1000	955
1000	958
1000	960
1000	961
1000	964
1000	967
1000	968
1000	970
1000	971
1000	979
1000	981
1000	982
1000	983
1000	988
1000	990
1000	991
1000	994
1000	996
